Authors,Author(s) ID,Link
"Boccaletti S., De Lellis P., del Genio C.I., Alfaro-Bittner K., Criado R., Jalan S., Romance M.","7006291912;58087228300;26657868400;57197750536;6603726429;56152342900;15731654400;","https://www.scopus.com/inward/record.uri?eid=2-s2.0-85154063827&doi=10.1016%2fj.physrep.2023.04.002&partnerID=40&md5=3e09650d48b5eaf527f3de03f9de7186"
"Jiang Z.-Q., Wang P., Ma J.-C., Zhu P., Han Z., Podobnik B., Stanley H.E., Zhou W.-X., Alfaro-Bittner K., Boccaletti S.","58127714600;57216687294;57212266973;56116029500;57373909200;7004220065;58127531200;7404516227;57197750536;7006291912;","https://www.scopus.com/inward/record.uri?eid=2-s2.0-85149360711&doi=10.1016%2fj.chaos.2023.113276&partnerID=40&md5=b3ac550aa85bcb63b50a192d6f2024d1"
"Bayani A., Jafari S., Azarnoush H., Nazarimehr F., Boccaletti S., Perc M.","57192838846;55196116900;35085758700;56568440700;7006291912;6505878570;","https://www.scopus.com/inward/record.uri?eid=2-s2.0-85148322615&doi=10.1016%2fj.chaos.2023.113243&partnerID=40&md5=2203b2fa74b05ec4f99eeda712140aa5"
"Meena C., Hens C., Acharyya S., Haber S., Boccaletti S., Barzel B.","57190980120;37065998300;57225830190;57219692614;7006291912;16177460500;","https://www.scopus.com/inward/record.uri?eid=2-s2.0-85153378578&doi=10.1038%2fs41567-023-02020-8&partnerID=40&md5=8be6e8d485038d7832bb8d23e62243ee"
"Zhang X., Ruan Z., Zheng M., Zhou J., Boccaletti S., Barzel B.","55802361800;55372549700;56454703700;57220580664;7006291912;16177460500;","https://www.scopus.com/inward/record.uri?eid=2-s2.0-85140218590&doi=10.1038%2fs41467-022-34027-9&partnerID=40&md5=cc1d1c57cb61e91fe63543bdbc09e7e9"
"del Genio C.I., Faci-Lázaro S., Gómez-Gardeñes J., Boccaletti S.","26657868400;57210886835;55900842100;7006291912;","https://www.scopus.com/inward/record.uri?eid=2-s2.0-85130260144&doi=10.1038%2fs42005-022-00897-0&partnerID=40&md5=e7b4c7ddd3eeb379de88499acab4033d"
"Lahav N., Sendiña-Nadal I., Hens C., Ksherim B., Barzel B., Cohen R., Boccaletti S.","57190874030;6602499111;37065998300;23482063600;16177460500;57205615349;7006291912;","https://www.scopus.com/inward/record.uri?eid=2-s2.0-85124680205&doi=10.1038%2fs41598-022-06262-z&partnerID=40&md5=641ce82340d59bd08b67862137a4cd5c"
"Yang J., Primo E., Aleja D., Criado R., Boccaletti S., Alfaro-Bittner K.","57849316100;57194448531;56215321800;6603726429;7006291912;57197750536;","https://www.scopus.com/inward/record.uri?eid=2-s2.0-85136187001&doi=10.1016%2fj.chaos.2022.112448&partnerID=40&md5=18e2e004d42e160bb1f78075f4b05273"
"Kovalenko K., Romance M., Vasilyeva E., Aleja D., Criado R., Musatov D., Raigorodskii A.M., Flores J., Samoylenko I., Alfaro-Bittner K., Perc M., Boccaletti S.","57219750789;15731654400;57221726568;56215321800;6603726429;36786813600;6603605028;10140124600;57706476100;57197750536;6505878570;7006291912;","https://www.scopus.com/inward/record.uri?eid=2-s2.0-85134160960&doi=10.1016%2fj.chaos.2022.112397&partnerID=40&md5=005e7c17aaf99407d8ad949839247527"
"Aleja D., Contreras-Aso G., Alfaro-Bittner K., Primo E., Criado R., Romance M., Boccaletti S.","56215321800;57712957100;57197750536;57194448531;6603726429;15731654400;7006291912;","https://www.scopus.com/inward/record.uri?eid=2-s2.0-85133175520&doi=10.1016%2fj.chaos.2022.112310&partnerID=40&md5=877a8834f1271ec93890edcfe39d7d40"
"Wu T., Huo S., Alfaro-Bittner K., Boccaletti S., Liu Z.","57638488500;57205703710;57197750536;7006291912;8579798700;","https://www.scopus.com/inward/record.uri?eid=2-s2.0-85135965424&doi=10.1103%2fPhysRevResearch.4.033009&partnerID=40&md5=248edfb4b50da8b39abe29e1ba1c5af0"
"Ghosh D., Frasca M., Rizzo A., Majhi S., Rakshit S., Alfaro-Bittner K., Boccaletti S.","56225913500;7006655104;7202135907;57144015200;57193844653;57197750536;7006291912;","https://www.scopus.com/inward/record.uri?eid=2-s2.0-85123245091&doi=10.1016%2fj.physrep.2021.10.006&partnerID=40&md5=5af712af5616bef6c9046fd745d0b4ab"
"Jusup M., Holme P., Kanazawa K., Takayasu M., Romić I., Wang Z., Geček S., Lipić T., Podobnik B., Wang L., Luo W., Klanjšček T., Fan J., Boccaletti S., Perc M.","15136099300;7003326827;55233902200;8725869700;57197866334;57192377511;15744135000;42961793000;7004220065;57033052400;57217446725;56023991300;55246604300;7006291912;6505878570;","https://www.scopus.com/inward/record.uri?eid=2-s2.0-85122688074&doi=10.1016%2fj.physrep.2021.10.005&partnerID=40&md5=392bad40ec6914493656fe231f3a01b5"
"Khanra P., Ghosh S., Alfaro-Bittner K., Kundu P., Boccaletti S., Hens C., Pal P.","57198517541;57217278943;57197750536;57132271700;7006291912;37065998300;23486558800;","https://www.scopus.com/inward/record.uri?eid=2-s2.0-85121689821&doi=10.1016%2fj.chaos.2021.111703&partnerID=40&md5=32e0b1bc99241cb54071cc3607ae308f"
"Gambuzza L.V., Di Patti F., Gallo L., Lepri S., Romance M., Criado R., Frasca M., Latora V., Boccaletti S.","50061257600;9843106000;57219694359;7003964440;15731654400;6603726429;7006655104;7003540219;7006291912;","https://www.scopus.com/inward/record.uri?eid=2-s2.0-85129193149&doi=10.1007%2f978-3-030-91374-8_10&partnerID=40&md5=ffafdc658e0c6c7b8c891d5817d076de"
"Kovalenko K., Dai X., Alfaro-Bittner K., Raigorodskii A.M., Perc M., Boccaletti S.","57219750789;57209105601;57197750536;6603605028;6505878570;7006291912;","https://www.scopus.com/inward/record.uri?eid=2-s2.0-85122513009&doi=10.1103%2fPhysRevLett.127.258301&partnerID=40&md5=1530a88fc188d746a394b0ac59b17038"
"Shi L., Shen C., Jin L., Shi Q., Wang Z., Boccaletti S.","56589311400;57189907444;57224733691;57219002394;57192377511;7006291912;","https://www.scopus.com/inward/record.uri?eid=2-s2.0-85122531939&doi=10.1103%2fPhysRevResearch.3.043210&partnerID=40&md5=da55d063d4333b7e2f3a59d005250416"
"Xu C., Tang X., Lü H., Alfaro-Bittner K., Boccaletti S., Perc M., Guan S.","56718849200;57224666797;7404842497;57197750536;7006291912;6505878570;7101750424;","https://www.scopus.com/inward/record.uri?eid=2-s2.0-85117136286&doi=10.1103%2fPhysRevResearch.3.043004&partnerID=40&md5=1d7ef8ea728ea5d3dc726b817b3d245e"
"Vasilyeva E., Kozlov A., Alfaro-Bittner K., Musatov D., Raigorodskii A.M., Perc M., Boccaletti S.","57221726568;57222359159;57197750536;36786813600;6603605028;6505878570;7006291912;","https://www.scopus.com/inward/record.uri?eid=2-s2.0-85102415640&doi=10.1038%2fs41598-021-85133-5&partnerID=40&md5=9949fe4adb38961e8bb4d2bf722b428e"
"Kovalenko K., Sendiña-Nadal I., Khalil N., Dainiak A., Musatov D., Raigorodskii A.M., Alfaro-Bittner K., Barzel B., Boccaletti S.","57219750789;6602499111;57196507700;57219751677;36786813600;6603605028;57197750536;16177460500;7006291912;","https://www.scopus.com/inward/record.uri?eid=2-s2.0-85102168738&doi=10.1038%2fs42005-021-00538-y&partnerID=40&md5=2f5798e15122664e3f2ebb5d16d6cd57"
"Gambuzza L.V., Di Patti F., Gallo L., Lepri S., Romance M., Criado R., Frasca M., Latora V., Boccaletti S.","50061257600;9843106000;57219694359;7003964440;15731654400;6603726429;7006655104;7003540219;7006291912;","https://www.scopus.com/inward/record.uri?eid=2-s2.0-85101408513&doi=10.1038%2fs41467-021-21486-9&partnerID=40&md5=6781f485a993db28496a83f992966c24"
"Li Z., Deng Z., Han Z., Alfaro-Bittner K., Barzel B., Boccaletti S.","57279450100;57226256836;57226253613;57197750536;16177460500;7006291912;","https://www.scopus.com/inward/record.uri?eid=2-s2.0-85113490780&doi=10.1016%2fj.chaos.2021.111307&partnerID=40&md5=09e8e89bdcec3ddac90c000f9b083b8a"
"Guo H., Jia D., Sendiña-Nadal I., Zhang M., Wang Z., Li X., Alfaro-Bittner K., Moreno Y., Boccaletti S.","57195231599;57196482152;6602499111;57220042621;57192377511;57203418700;57197750536;7004893698;7006291912;","https://www.scopus.com/inward/record.uri?eid=2-s2.0-85126755623&doi=10.1016%2fj.chaos.2021.111103&partnerID=40&md5=d3b2905a4adb0d67eb2963172849ea33"
"Zhuk A., Sendiña-Nadal I., Leyva I., Musatov D., Raigorodskii A.M., Perc M., Boccaletti S.","57226340830;6602499111;55398853600;36786813600;6603605028;6505878570;7006291912;","https://www.scopus.com/inward/record.uri?eid=2-s2.0-85116927127&doi=10.1088%2f1367-2630%2fac264d&partnerID=40&md5=f120f5cba53b3ec36cfbbdc876ce9418"
"Dai X., Kovalenko K., Molodyk M., Wang Z., Li X., Musatov D., Raigorodskii A.M., Alfaro-Bittner K., Cooper G.D., Bianconi G., Boccaletti S.","57209105601;57219750789;57222666405;57192377511;55936260100;36786813600;6603605028;57197750536;57210830549;6701555846;7006291912;","https://www.scopus.com/inward/record.uri?eid=2-s2.0-85103691729&doi=10.1016%2fj.chaos.2021.110888&partnerID=40&md5=0b51fa7b0725cbb2af02c1046899d3de"
"Parastesh F., Jafari S., Azarnoush H., Shahriari Z., Wang Z., Boccaletti S., Perc M.","57201377890;55196116900;35085758700;57202600968;57192377511;7006291912;6505878570;","https://www.scopus.com/inward/record.uri?eid=2-s2.0-85095980653&doi=10.1016%2fj.physrep.2020.10.003&partnerID=40&md5=47862d4771f9af071bc7cb4a85a23ad9"
"Boccaletti S., Bi H., Qiu T., Bonamassa I., Guan S.","7006291912;56448041500;57224717715;57191889324;7101750424;","https://www.scopus.com/inward/record.uri?eid=2-s2.0-85114377184&doi=10.1007%2f978-981-16-2853-5_7&partnerID=40&md5=ac33f04f138509f6fd4896b6606e1fcf"
"Tassinari G., Drabik D., Boccaletti S., Soregaroli C.","57226305504;55912488500;7006291912;15133256400;","https://www.scopus.com/inward/record.uri?eid=2-s2.0-85111097024&doi=10.17221%2f21%2f2021-AGRICECON&partnerID=40&md5=c919bdd626bcdd5916fddb49b8936acd"
"Gambuzza L.V., Frasca M., Sorrentino F., Pecora L.M., Boccaletti S.","50061257600;7006655104;57203233721;7005178558;7006291912;","https://www.scopus.com/inward/record.uri?eid=2-s2.0-85096835938&doi=10.1109%2fTNSE.2020.3037039&partnerID=40&md5=671e377e9906e5a5e2eeade1ce81ab73"
"Li X., Dai X., Jia D., Guo H., Li S., Cooper G.D., Alfaro-Bittner K., Perc M., Boccaletti S., Wang Z.","55936260100;57209105601;57196482152;57195231599;8543868700;57210830549;57197750536;6505878570;7006291912;57192377511;","https://www.scopus.com/inward/record.uri?eid=2-s2.0-85098620204&doi=10.1088%2f1367-2630%2fabce32&partnerID=40&md5=803f861510ac69dbd7cd4b74d04200b1"
"Gutiérrez R., Materassi M., Focardi S., Boccaletti S.","36898262500;6701596934;7006573563;7006291912;","https://www.scopus.com/inward/record.uri?eid=2-s2.0-85096707150&doi=10.1038%2fs41598-020-77663-1&partnerID=40&md5=627e647795b2eed49047eacf79e74dc6"
"Dai X., Li X., Guo H., Jia D., Perc M., Manshour P., Wang Z., Boccaletti S.","57209105601;55936260100;57195231599;57196482152;6505878570;26021958600;57192377511;7006291912;","https://www.scopus.com/inward/record.uri?eid=2-s2.0-85096127591&doi=10.1103%2fPhysRevLett.125.194101&partnerID=40&md5=eb987637d08a859500eab3d303b6d64a"
"Sendiña-Nadal I., Leyva I., Perc M., Papo D., Jusup M., Wang Z., Almendral J.A., Manshour P., Boccaletti S.","6602499111;55398853600;6505878570;7801385624;15136099300;57192377511;7006920889;26021958600;7006291912;","https://www.scopus.com/inward/record.uri?eid=2-s2.0-85102671534&doi=10.1103%2fPhysRevResearch.2.043168&partnerID=40&md5=a059b58dbfcee09c872b7614b44535ea"
"Zhang X., Ruan Z., Zheng M., Barzel B., Boccaletti S.","55802361800;55372549700;56454703700;16177460500;7006291912;","https://www.scopus.com/inward/record.uri?eid=2-s2.0-85088137629&doi=10.1016%2fj.chaos.2020.110130&partnerID=40&md5=597ff046bb079e10e0f6077355e5bfc1"
"Boccaletti S., Mindlin G., Ditto W., Atangana A.","7006291912;7003648271;57216255211;55659450400;","https://www.scopus.com/inward/record.uri?eid=2-s2.0-85090576994&doi=10.1016%2fj.chaos.2020.110278&partnerID=40&md5=93697b1936f253daf585cb772f104018"
"Guo H., Li X., Hu K., Dai X., Jia D., Boccaletti S., Perc M., Wang Z.","57195231599;55936260100;57204391274;57209105601;57196482152;7006291912;6505878570;57192377511;","https://www.scopus.com/inward/record.uri?eid=2-s2.0-85095721341&doi=10.1088%2f1367-2630%2fab9e89&partnerID=40&md5=d3a3a38118171baa378d20b8715ca7c1"
"Wang Z., Jusup M., Guo H., Shi L., Geček S., Anand M., Perc M., Bauch C.T., Kurths J., Boccaletti S., Schellnhuber H.J.","57192377511;15136099300;57195231599;56589311400;15744135000;57203105820;6505878570;35619116700;35317963900;7006291912;7003595192;","https://www.scopus.com/inward/record.uri?eid=2-s2.0-85088880199&doi=10.1073%2fpnas.1922345117&partnerID=40&md5=434e5ff2053ac6af4e9e1dbd8a129569"
"Shi L., Shen C., Shi Q., Wang Z., Zhao J., Li X., Boccaletti S.","56589311400;57189907444;57219002394;57192377511;55729943100;55936260100;7006291912;","https://www.scopus.com/inward/record.uri?eid=2-s2.0-85086738218&doi=10.1109%2fTNSE.2020.2970997&partnerID=40&md5=82ea658566bebd196c89cd02d1d55fe5"
"Zhang J., Boccaletti S., Liu Z., Guan S.","57208154753;7006291912;8579798700;7101750424;","https://www.scopus.com/inward/record.uri?eid=2-s2.0-85083520338&doi=10.1016%2fj.chaos.2020.109777&partnerID=40&md5=90be4ff339576320b531c5a2fa890f9e"
"Boccaletti S., Ditto W., Mindlin G., Atangana A.","7006291912;57216255211;7003648271;55659450400;","https://www.scopus.com/inward/record.uri?eid=2-s2.0-85082972469&doi=10.1016%2fj.chaos.2020.109794&partnerID=40&md5=091fe04679ada00e73ec18312f9093c4"
"Guo H., Song Z., Geček S., Li X., Jusup M., Perc M., Moreno Y., Boccaletti S., Wang Z.","57195231599;57211868212;15744135000;55936260100;15136099300;6505878570;7004893698;7006291912;57192377511;","https://www.scopus.com/inward/record.uri?eid=2-s2.0-85081030367&doi=10.1098%2frsif.2019.0789&partnerID=40&md5=a60937d1162bf55ea30a9d553a82a6ff"
"Dai X., Li X., Gutiérrez R., Guo H., Jia D., Perc M., Manshour P., Wang Z., Boccaletti S.","57209105601;55936260100;36898262500;57195231599;57196482152;6505878570;26021958600;57192377511;7006291912;","https://www.scopus.com/inward/record.uri?eid=2-s2.0-85078446624&doi=10.1016%2fj.chaos.2019.109589&partnerID=40&md5=f01c3f86223b1c89ddd6dd43a1802126"
"Kachhvah A.D., Dai X., Boccaletti S., Jalan S.","37057324000;57209105601;7006291912;56152342900;","https://www.scopus.com/inward/record.uri?eid=2-s2.0-85101153697&doi=10.1088%2f1367-2630%2fabcf6b&partnerID=40&md5=9302bdd99babfaafb0cf366da94bf5df"
"Qiu T., Boccaletti S., Liu Z., Guan S.","57224717715;7006291912;8579798700;7101750424;","https://www.scopus.com/inward/record.uri?eid=2-s2.0-85075601225&doi=10.1103%2fPhysRevE.100.052310&partnerID=40&md5=6a28fae13fec0cec09875c19b12692f7"
"Xu C., Boccaletti S., Zheng Z., Guan S.","56718849200;7006291912;7403007861;7101750424;","https://www.scopus.com/inward/record.uri?eid=2-s2.0-85075788062&doi=10.1088%2f1367-2630%2fab4f59&partnerID=40&md5=aa5603ce21709ee4955d79d3d9b9bba2"
"Duan D., Lv C., Si S., Wang Z., Li D., Gao J., Havlin S., Eugene Stanley H., Boccaletti S.","54388879400;57192905890;14520736900;57192377511;37057582400;36006320400;35397372900;35375959000;7006291912;","https://www.scopus.com/inward/record.uri?eid=2-s2.0-85074529278&doi=10.1073%2fpnas.1904421116&partnerID=40&md5=5c48dfe4260153cab41a256e724a8cce"
"Xu C., Gao J., Boccaletti S., Zheng Z., Guan S.","56718849200;57212121864;7006291912;7403007861;7101750424;","https://www.scopus.com/inward/record.uri?eid=2-s2.0-85071969585&doi=10.1103%2fPhysRevE.100.012212&partnerID=40&md5=ead1ee89dc429b08661470297456bdd6"
"Chu C., Mu C., Liu J., Liu C., Boccaletti S., Shi L., Wang Z.","57193084786;57209689583;38761711800;57204000310;7006291912;56589311400;57192377511;","https://www.scopus.com/inward/record.uri?eid=2-s2.0-85070650199&doi=10.1088%2f1367-2630%2fab0999&partnerID=40&md5=57b3fd3ece7e963649d7af704d612f3b"
"Li X., Qiu T., Boccaletti S., Sendiña-Nadal I., Liu Z., Guan S.","57208146500;57224717715;7006291912;6602499111;8579798700;7101750424;","https://www.scopus.com/inward/record.uri?eid=2-s2.0-85069534928&doi=10.1088%2f1367-2630%2fab1ad5&partnerID=40&md5=507e4860e55197972b70bcdd59e4ed60"
"Shi L., Shen C., Geng Y., Chu C., Meng H., Perc M., Boccaletti S., Wang Z.","56589311400;57189907444;57196297152;57193084786;57200965396;6505878570;7006291912;57192377511;","https://www.scopus.com/inward/record.uri?eid=2-s2.0-85060586782&doi=10.1007%2fs11071-019-04772-6&partnerID=40&md5=773a1d2049b7b967f9e34c8b698c7541"
"Zhou J.-F., Yuan W.-J., Chen D., Wang B.-H., Zhou Z., Boccaletti S., Wang Z.","35202860700;15069859100;8410036000;36858978500;57102162500;7006291912;57192377511;","https://www.scopus.com/inward/record.uri?eid=2-s2.0-85064071129&doi=10.1103%2fPhysRevE.99.032419&partnerID=40&md5=621022ed43bc22550a900ba8982badb4"
"Danziger M.M., Bonamassa I., Boccaletti S., Havlin S.","56038392800;57191889324;7006291912;35397372900;","https://www.scopus.com/inward/record.uri?eid=2-s2.0-85057344115&doi=10.1038%2fs41567-018-0343-1&partnerID=40&md5=78d8f584297c22db30dfa141797706a2"
"Jia D., Shen C., Li X., Boccaletti S., Wang Z.","57196482152;57189907444;55936260100;7006291912;57192377511;","https://www.scopus.com/inward/record.uri?eid=2-s2.0-85075007698&doi=10.1209%2f0295-5075%2f127%2f68002&partnerID=40&md5=e835e77a505e2b257b010a88bdad8ac2"
"Pitsik E., Makarov V., Boccaletti S.","57192586726;56459531300;7006291912;","https://www.scopus.com/inward/record.uri?eid=2-s2.0-85068566925&doi=10.1117%2f12.2527748&partnerID=40&md5=09d7e43f01b229cb0d6e4c5622b43d89"
"de Santos-Sierra D., Leyva I., Almendral J.A., Boccaletti S., Sendiña-Nadal I.","36138601900;55398853600;7006920889;7006291912;6602499111;","https://www.scopus.com/inward/record.uri?eid=2-s2.0-85065419623&doi=10.1007%2f978-3-030-16585-7_4&partnerID=40&md5=fbbde5d2c674d47557b109edee052978"
"Chu C., Hu X., Shen C., Li T., Boccaletti S., Shi L., Wang Z.","57193084786;57205618682;57189907444;57217781875;7006291912;56589311400;57192377511;","https://www.scopus.com/inward/record.uri?eid=2-s2.0-85060808486&doi=10.1063%2f1.5059360&partnerID=40&md5=c58dca2dca1407b58a47b4b6c56ee104"
"Liu C., Shen C., Geng Y., Li S., Xia C., Tian Z., Shi L., Wang R., Boccaletti S., Wang Z.","57204000310;57189907444;57196297152;8543868700;16205447200;9636602700;56589311400;55793955200;7006291912;57192377511;","https://www.scopus.com/inward/record.uri?eid=2-s2.0-85059883905&doi=10.1088%2f1367-2630%2faaf334&partnerID=40&md5=b7e56152efae53f7e66bd9d94752dcbc"
"Makarov V.V., Kirsanov D.V., Frolov N.S., Maksimenko V.A., Li X., Wang Z., Hramov A.E., Boccaletti S.","56459531300;57194146935;16498801300;56572360300;55936260100;57192377511;6603156741;7006291912;","https://www.scopus.com/inward/record.uri?eid=2-s2.0-85053296799&doi=10.1038%2fs41598-018-32160-4&partnerID=40&md5=395b5c31895a99cd7a8300534bd199e6"
"Qiu T., Bonamassa I., Boccaletti S., Liu Z., Guan S.","57224717715;57191889324;7006291912;8579798700;7101750424;","https://www.scopus.com/inward/record.uri?eid=2-s2.0-85052374060&doi=10.1038%2fs41598-018-31278-9&partnerID=40&md5=647f0cb113458ec234a1e7738dd2a0d2"
"Wang Z., Jusup M., Shi L., Lee J.-H., Iwasa Y., Boccaletti S.","57192377511;15136099300;56589311400;47962001600;57204609229;7006291912;","https://www.scopus.com/inward/record.uri?eid=2-s2.0-85050763977&doi=10.1038%2fs41467-018-05259-5&partnerID=40&md5=a69a607d724dc18317e4a9bf7f6b89bd"
"Leyva I., Sendiña-Nadal I., Sevilla-Escoboza R., Vera-Avila V.P., Chholak P., Boccaletti S.","55398853600;6602499111;26654545800;56442766200;57202377690;7006291912;","https://www.scopus.com/inward/record.uri?eid=2-s2.0-85048137296&doi=10.1038%2fs41598-018-26945-w&partnerID=40&md5=11b19028692d93474f16a02f55649b69"
"Xu C., Boccaletti S., Guan S., Zheng Z.","56718849200;7006291912;7101750424;7403007861;","https://www.scopus.com/inward/record.uri?eid=2-s2.0-85057521229&doi=10.1103%2fPhysRevE.98.050202&partnerID=40&md5=dbece40ac38e98f2c88dae6da9dbe9b1"
"Martínez J.H., Boccaletti S., Makarov V.V., Buldú J.M.","56529959600;7006291912;56459531300;6602820274;","https://www.scopus.com/inward/record.uri?eid=2-s2.0-85050271626&doi=10.1016%2fj.physa.2018.07.008&partnerID=40&md5=412a135d7fe6e9df98aba2378c1c4002"
"Lahav N., Sendiña-Nadal I., Hens C., Ksherim B., Barzel B., Cohen R., Boccaletti S.","57190874030;6602499111;37065998300;23482063600;16177460500;57205615349;7006291912;","https://www.scopus.com/inward/record.uri?eid=2-s2.0-85056538520&doi=10.1103%2fPhysRevE.98.052204&partnerID=40&md5=9791a8ca73014ba3f0218257e15c1bd9"
"Goremyko M.V., Makarov V.V., Hramov A.E., Kirsanov D.V., Maksimenko V.A., Ivanov A.V., Yashkov I.A., Boccaletti S.","57191907277;56459531300;6603156741;57194146935;56572360300;56945673500;57200753525;7006291912;","https://www.scopus.com/inward/record.uri?eid=2-s2.0-85051922245&doi=10.1088%2f1755-1315%2f177%2f1%2f012017&partnerID=40&md5=71cd861e5a5ec5d2a2b4f2c764a3caf2"
"Pitsik E., Makarov V., Kirsanov D., Frolov N., Goremyko M., Li X., Wang Z., Hramov A., Boccaletti S.","57192586726;56459531300;57194146935;16498801300;57191907277;55936260100;57192377511;6603156741;7006291912;","https://www.scopus.com/inward/record.uri?eid=2-s2.0-85051625232&doi=10.1088%2f1367-2630%2faad00d&partnerID=40&md5=5acb2e4dce04030dd432e012ae81c9fd"
"Leyva I., Sendiña-Nadal I., Boccaletti S.","55398853600;6602499111;7006291912;","https://www.scopus.com/inward/record.uri?eid=2-s2.0-85050141963&doi=10.3934%2fdcdsb.2018189&partnerID=40&md5=7d62e4c4cdf5abb2ea33f8974e4fac4d"
"Avalos-Gaytán V., Almendral J.A., Leyva I., Battiston F., Nicosia V., Latora V., Boccaletti S.","55330535900;7006920889;55398853600;56122454100;14054540300;7003540219;7006291912;","https://www.scopus.com/inward/record.uri?eid=2-s2.0-85044993010&doi=10.1103%2fPhysRevE.97.042301&partnerID=40&md5=d26cfaea4e699834e021dcc3b171cbee"
"Yuan W.-J., Zhou J.-F., Sendiña-Nadal I., Boccaletti S., Wang Z.","15069859100;35202860700;6602499111;7006291912;57192377511;","https://www.scopus.com/inward/record.uri?eid=2-s2.0-85042107557&doi=10.1103%2fPhysRevE.97.022211&partnerID=40&md5=42cdcaf3a552ae0954545465136b7bce"
"Zheng M., Wang W., Tang M., Zhou J., Boccaletti S., Liu Z.","56454703700;56948517000;14421628700;56953736400;7006291912;8579798700;","https://www.scopus.com/inward/record.uri?eid=2-s2.0-85039998681&doi=10.1016%2fj.chaos.2017.12.026&partnerID=40&md5=0e3300bc8d3adbe398bffed3e5c2f306"
"Li X., Jusup M., Wang Z., Li H., Shi L., Podobnik B., Eugene Stanley H., Havlin S., Boccaletti S.","55936260100;15136099300;57192377511;36682474500;56589311400;7004220065;35375959000;35397372900;7006291912;","https://www.scopus.com/inward/record.uri?eid=2-s2.0-85040198677&doi=10.1073%2fpnas.1707505115&partnerID=40&md5=e87e5c8ff9084ca6a27a6c72a7160fec"
"Boccaletti S., Pisarchik A.N., Del Genio C.I., Amann A.","7006291912;7005864666;26657868400;7007093573;","https://www.scopus.com/inward/record.uri?eid=2-s2.0-85037048008&doi=10.1017%2f9781107297111&partnerID=40&md5=07b39bca895e855e67e9dfcff8ae4fc1"
"Koronovskii A.A., Kurovskaya M.K., Moskalenko O.I., Hramov A., Boccaletti S.","7004189995;8848465300;10038769200;6603156741;7006291912;","https://www.scopus.com/inward/record.uri?eid=2-s2.0-85039925166&doi=10.1103%2fPhysRevE.96.062312&partnerID=40&md5=41d1f2c93d2b75af7dd6b2b6e96eedfa"
"Makarov V.V., Hramov A.E., Kirsanov D.V., Maksimenko V.A., Goremyko M.V., Ivanov A.V., Yashkov I.A., Boccaletti S.","56459531300;6603156741;57194146935;56572360300;57191907277;56945673500;57200753525;7006291912;","https://www.scopus.com/inward/record.uri?eid=2-s2.0-85042384239&doi=10.1038%2fs41598-017-17576-8&partnerID=40&md5=6d10570d6c4205fa2a826655036df622"
"Zhou J., Zou Y., Guan S., Liu Z., Xiao G., Boccaletti S.","56953736400;35308570800;7101750424;8579798700;7201917092;7006291912;","https://www.scopus.com/inward/record.uri?eid=2-s2.0-85034830228&doi=10.1038%2fs41598-017-16235-2&partnerID=40&md5=88a64b049f92eec1d7d124874e44e9b3"
"Wang Z., Moreno Y., Boccaletti S., Perc M.","57192377511;7004893698;7006291912;6505878570;","https://www.scopus.com/inward/record.uri?eid=2-s2.0-85020395535&doi=10.1016%2fj.chaos.2017.06.004&partnerID=40&md5=d2ebcfe0fc54f97cc25332eda0fdb274"
"Gao Z.-K., Yang Y.-X., Dang W.-D., Cai Q., Wang Z., Marwan N., Boccaletti S., Kurths J.","24921442300;56526035100;57102963900;56816256100;57192377511;6602268525;7006291912;35317963900;","https://www.scopus.com/inward/record.uri?eid=2-s2.0-85039986486&doi=10.1209%2f0295-5075%2f119%2f50008&partnerID=40&md5=e5a83b421461e637b6dc03e361bf7ec4"
"Maksimenko V.A., Lüttjohann A., Makarov V.V., Goremyko M.V., Koronovskii A.A., Nedaivozov V., Runnova A.E., Van Luijtelaar G., Hramov A.E., Boccaletti S.","56572360300;35102865500;56459531300;57191907277;7004189995;57194150119;55758753300;7004102585;6603156741;7006291912;","https://www.scopus.com/inward/record.uri?eid=2-s2.0-85026444903&doi=10.1103%2fPhysRevE.96.012316&partnerID=40&md5=60045e75c99d5399c4842c6077df9ec8"
"Perc M., Jordan J.J., Rand D.G., Wang Z., Boccaletti S., Szolnoki A.","6505878570;56044438100;23095594600;57192377511;7006291912;6701809628;","https://www.scopus.com/inward/record.uri?eid=2-s2.0-85054706084&doi=10.1016%2fj.physrep.2017.05.004&partnerID=40&md5=d775caa3d5d32838a65060e67d5eac95"
"Leyva I., Sevilla-Escoboza R., Sendiña-Nadal I., Gutiérrez R., Buldú J.M., Boccaletti S.","55398853600;26654545800;6602499111;36898262500;6602820274;7006291912;","https://www.scopus.com/inward/record.uri?eid=2-s2.0-85017093209&doi=10.1038%2fsrep45475&partnerID=40&md5=b4eb0f1598daf7aae2fdb2621ac365e3"
"Singh A., Jalan S., Boccaletti S.","57199212143;56152342900;7006291912;","https://www.scopus.com/inward/record.uri?eid=2-s2.0-85017279300&doi=10.1063%2f1.4979798&partnerID=40&md5=c1894baaf501ae9f087dcd109e307577"
"Jalan S., Yadav A., Sarkar C., Boccaletti S.","56152342900;56494108000;56061232900;7006291912;","https://www.scopus.com/inward/record.uri?eid=2-s2.0-85012257193&doi=10.1016%2fj.chaos.2017.01.021&partnerID=40&md5=0f572e86882aa2c68787646c455355d2"
"Boccaletti S., Passuello F., Soregaroli C.","7006291912;56866230100;15133256400;","https://www.scopus.com/inward/record.uri?eid=2-s2.0-85019769128&partnerID=40&md5=2d2182328510d174c3e36890ef3f61cc"
"Do A.L., Boccaletti S., Epperlein J., Siegmund S., Gross T.","34067584600;7006291912;55767481800;6603680846;8346290800;","https://www.scopus.com/inward/record.uri?eid=2-s2.0-84994210549&doi=10.1017%2fS0956792516000425&partnerID=40&md5=7fecc8c2a0bbce3067561980d5ef9d41"
"Boccaletti S., Almendral J.A., Guan S., Leyva I., Liu Z., Sendiña-Nadal I., Wang Z., Zou Y.","7006291912;7006920889;7101750424;55398853600;8579798700;6602499111;57192377511;35308570800;","https://www.scopus.com/inward/record.uri?eid=2-s2.0-85003890196&doi=10.1016%2fj.physrep.2016.10.004&partnerID=40&md5=b2453e83efe5b487c73f3e68bfbfb9da"
"Bi H., Hu X., Boccaletti S., Wang X., Zou Y., Liu Z., Guan S.","56448041500;55801383000;7006291912;11541271100;35308570800;8579798700;7101750424;","https://www.scopus.com/inward/record.uri?eid=2-s2.0-84994905086&doi=10.1103%2fPhysRevLett.117.204101&partnerID=40&md5=a44ebc5b971ef84a1cce93b986a5caa5"
"Qiu T., Boccaletti S., Bonamassa I., Zou Y., Zhou J., Liu Z., Guan S.","57224717715;7006291912;57191889324;35308570800;56953736400;8579798700;7101750424;","https://www.scopus.com/inward/record.uri?eid=2-s2.0-84994506050&doi=10.1038%2fsrep36713&partnerID=40&md5=eff5b9231a8b0eb2aefa042577587803"
"Del Genio C.I., Gómez-Gardeñes J., Bonamassa I., Boccaletti S.","26657868400;55900842100;57191889324;7006291912;","https://www.scopus.com/inward/record.uri?eid=2-s2.0-85018484280&doi=10.1126%2fsciadv.1601679&partnerID=40&md5=6cc4f64622ab64db297ad0b40e07702d"
"Zhou J., Zou Y., Guan S., Liu Z., Boccaletti S.","56953736400;35308570800;7101750424;8579798700;7006291912;","https://www.scopus.com/inward/record.uri?eid=2-s2.0-84992358908&doi=10.1038%2fsrep35979&partnerID=40&md5=4b3f9079cf5c78ceee7f5c940103b8f9"
"Sendiña-Nadal I., Boccaletti S., Letellier C.","6602499111;7006291912;55045788500;","https://www.scopus.com/inward/record.uri?eid=2-s2.0-84991720223&doi=10.1103%2fPhysRevE.94.042205&partnerID=40&md5=d317663adc6473ac99636bb41e75471f"
"Eom Y.-H., Boccaletti S., Caldarelli G.","8454032000;7006291912;55139905100;","https://www.scopus.com/inward/record.uri?eid=2-s2.0-84973370463&doi=10.1038%2fsrep27111&partnerID=40&md5=bfab9842e3192ec349702c9860e9cdf0"
"Danziger M.M., Moskalenko O.I., Kurkin S.A., Zhang X., Havlin S., Boccaletti S.","56038392800;10038769200;35334432000;55802361800;35397372900;7006291912;","https://www.scopus.com/inward/record.uri?eid=2-s2.0-84977662644&doi=10.1063%2f1.4953345&partnerID=40&md5=183cb926404f1fb1025f0fc080585a66"
"Sevilla-Escoboza R., Sendiña-Nadal I., Leyva I., Gutiérrez R., Buldú J.M., Boccaletti S.","26654545800;6602499111;55398853600;36898262500;6602820274;7006291912;","https://www.scopus.com/inward/record.uri?eid=2-s2.0-84974601991&doi=10.1063%2f1.4952967&partnerID=40&md5=6d63f5bdd4b099a1a3f201a3ecb1a856"
"Boccaletti S., Criado R., Romance M., Torres J.J.","7006291912;6603726429;15731654400;56780528800;","https://www.scopus.com/inward/record.uri?eid=2-s2.0-84973572602&doi=10.1063%2f1.4953595&partnerID=40&md5=90972612a9101c4adf54b33bced03d48"
"Zanin M., Papo D., Sousa P.A., Menasalvas E., Nicchi A., Kubik E., Boccaletti S.","23991967500;7801385624;35515502700;6602242147;57189340841;57189343020;7006291912;","https://www.scopus.com/inward/record.uri?eid=2-s2.0-84969529082&doi=10.1016%2fj.physrep.2016.04.005&partnerID=40&md5=03173f2b7877b7fa1dfd140b031dddda"
"Sevilla-Escoboza R., Buldú J.M., Boccaletti S., Papo D., Hwang D.-U., Huerta-Cuellar G., Gutiérrez R.","26654545800;6602820274;7006291912;7801385624;7401879393;56002769300;36898262500;","https://www.scopus.com/inward/record.uri?eid=2-s2.0-84954155405&doi=10.1016%2fj.physa.2015.12.086&partnerID=40&md5=407c42bbdad4f98f7766aacd91586e7c"
"Gambuzza L.V., Frasca M., Fortuna L., Boccaletti S.","50061257600;7006655104;7006124439;7006291912;","https://www.scopus.com/inward/record.uri?eid=2-s2.0-84963624340&doi=10.1103%2fPhysRevE.93.042203&partnerID=40&md5=b197490c6bfcef9e869db1b21629ca1f"
"Passuello F., Boccaletti S.","56866230100;7006291912;","https://www.scopus.com/inward/record.uri?eid=2-s2.0-84963568298&doi=10.1111%2f1746-692X.12120&partnerID=40&md5=68375021902b895bdd38d772a21b7023"
"Makarov V.V., Koronovskii A.A., Maksimenko V.A., Hramov A.E., Moskalenko O.I., Buldú J.M., Boccaletti S.","56459531300;7004189995;56572360300;6603156741;10038769200;6602820274;7006291912;","https://www.scopus.com/inward/record.uri?eid=2-s2.0-84954288611&doi=10.1016%2fj.chaos.2015.12.022&partnerID=40&md5=d0f598ba91c9c32d4b755bbaab70016e"
"Sendiña-Nadal I., Danziger M.M., Wang Z., Havlin S., Boccaletti S.","6602499111;56038392800;57192377511;35397372900;7006291912;","https://www.scopus.com/inward/record.uri?eid=2-s2.0-84959166349&doi=10.1038%2fsrep21297&partnerID=40&md5=c566957fa231f1bc481334ebf8855ef2"
"Ghozzi H., Soregaroli C., Boccaletti S., Sauvée L.","57192307388;15133256400;7006291912;8602632800;","https://www.scopus.com/inward/record.uri?eid=2-s2.0-85003888934&doi=10.1108%2fSCM-03-2016-0089&partnerID=40&md5=57c8d8ea20eb658416770da1da0d7d3b"
"Makarov V.V., Koronovskii A.A., Maksimenko V.A., Khramova M.V., Hramov A.E., Pavlov A.N., Moskalenko O.I., Buldú J.M., Boccaletti S.","56459531300;7004189995;56572360300;56572729200;6603156741;7202328274;10038769200;6602820274;7006291912;","https://www.scopus.com/inward/record.uri?eid=2-s2.0-84973890089&doi=10.1117%2f12.2207392&partnerID=40&md5=8fedc525461f1205e18b1aab1ce7e508"
"Del Genio C.I., Romance M., Criado R., Boccaletti S.","26657868400;15731654400;6603726429;7006291912;","https://www.scopus.com/inward/record.uri?eid=2-s2.0-84951094243&doi=10.1103%2fPhysRevE.92.062819&partnerID=40&md5=66fa4266ba944d4aa7d41f202298769b"
"Navas A., Villacorta-Atienza J.A., Leyva I., Almendral J.A., Sendiña-Nadal I., Boccaletti S.","36721937500;36139022300;55398853600;7006920889;6602499111;7006291912;","https://www.scopus.com/inward/record.uri?eid=2-s2.0-84951073153&doi=10.1103%2fPhysRevE.92.062820&partnerID=40&md5=5efb29f428b83c3ef2073bf1641a2248"
"Qiu T., Zhang Y., Liu J., Bi H., Boccaletti S., Liu Z., Guan S.","57224717715;56563190900;57006533600;56448041500;7006291912;8579798700;7101750424;","https://www.scopus.com/inward/record.uri?eid=2-s2.0-84950146518&doi=10.1038%2fsrep18235&partnerID=40&md5=655bb0d4bc1152e29347cd568ac18f45"
"Passuello F., Boccaletti S., Soregaroli C.","56866230100;7006291912;15133256400;","https://www.scopus.com/inward/record.uri?eid=2-s2.0-84942155732&doi=10.1108%2fBFJ-11-2014-0380&partnerID=40&md5=8bb100ec725c909886be53bf9e034ad6"
"Sevilla-Escoboza R., Gutiérrez R., Huerta-Cuellar G., Boccaletti S., Gómez-Gardeñes J., Arenas A., Buldú J.M.","26654545800;36898262500;56002769300;7006291912;55900842100;7006307933;6602820274;","https://www.scopus.com/inward/record.uri?eid=2-s2.0-84942278753&doi=10.1103%2fPhysRevE.92.032804&partnerID=40&md5=4bdebd9e31ff56b8739adc1de8286d53"
"Kumar P., Verma D.K., Parmananda P., Boccaletti S.","57241625800;55560722000;14519836900;7006291912;","https://www.scopus.com/inward/record.uri?eid=2-s2.0-84930960196&doi=10.1103%2fPhysRevE.91.062909&partnerID=40&md5=b691a01153eb6fd002eee20f63b90791"
"de Santos-Sierra D., Sendiña-Nadal I., Leyva I., Almendral J.A., Ayali A., Anava S., Sánchez-Ávila C., Boccaletti S.","36138601900;6602499111;55398853600;7006920889;6603870315;25935781800;6603669635;7006291912;","https://www.scopus.com/inward/record.uri?eid=2-s2.0-84929846967&doi=10.1002%2fcyto.a.22591&partnerID=40&md5=0f2092c11c43396cf66b9fc298052236"
"Sendiña-Nadal I., Leyva I., Navas A., Villacorta-Atienza J.A., Almendral J.A., Wang Z., Boccaletti S.","6602499111;55398853600;36721937500;36139022300;7006920889;57192377511;7006291912;","https://www.scopus.com/inward/record.uri?eid=2-s2.0-84961291231&doi=10.1103%2fPhysRevE.91.032811&partnerID=40&md5=8ea3891cdd5f6c79671e68cad326c9dc"
"Navas A., Papo D., Boccaletti S., Del-Pozo F., Bajo R., Maestú F., Martínez J.H., Gil P., Sendiña-Nadal I., Buldú J.M.","36721937500;7801385624;7006291912;55663615800;36570124400;6507284679;56529959600;57225424824;6602499111;6602820274;","https://www.scopus.com/inward/record.uri?eid=2-s2.0-84928537119&doi=10.1142%2fS0218127415500340&partnerID=40&md5=08d165cfa85de2bfd833ec700526989d"
"Boccaletti S., Criado R., Benito R.M., Losada J.C., Romance M.","7006291912;6603726429;7005204461;25930018900;15731654400;","https://www.scopus.com/inward/record.uri?eid=2-s2.0-84923350214&doi=10.1016%2fj.chaos.2015.01.012&partnerID=40&md5=c7831fa46a01f8495ceb7fdc133c26b5"
"Sevilla-Escoboza R., Buldú J.M., Pisarchik A.N., Boccaletti S., Gutiérrez R.","26654545800;6602820274;7005864666;7006291912;36898262500;","https://www.scopus.com/inward/record.uri?eid=2-s2.0-84924787048&doi=10.1103%2fPhysRevE.91.032902&partnerID=40&md5=b0e6dae798c857cc1ca2f4b1c2f9dcb0"
"Padmanaban E., Boccaletti S., Dana S.K.","24376531700;7006291912;7003507586;","https://www.scopus.com/inward/record.uri?eid=2-s2.0-84923772771&doi=10.1103%2fPhysRevE.91.022920&partnerID=40&md5=5ab46c1d9cb328820085daef5355a5a0"
"Zhang X., Boccaletti S., Guan S., Liu Z.","55802361800;7006291912;7101750424;8579798700;","https://www.scopus.com/inward/record.uri?eid=2-s2.0-84921464378&doi=10.1103%2fPhysRevLett.114.038701&partnerID=40&md5=30e18fc924c3a4143d0f6b1a88f89b15"
"Martínez J.H., Ariza P., Zanin M., Papo D., Maestú F., Pastor J.M., Bajo R., Boccaletti S., Buldú J.M.","56529959600;55810424500;23991967500;7801385624;6507284679;22986219600;36570124400;7006291912;6602820274;","https://www.scopus.com/inward/record.uri?eid=2-s2.0-84932613931&doi=10.1016%2fj.chaos.2014.10.013&partnerID=40&md5=a3cf8158df70a35dbb33ab32087baeb5"
"Kenett D.Y., Perc M., Boccaletti S.","35275313400;6505878570;7006291912;","https://www.scopus.com/inward/record.uri?eid=2-s2.0-84926286936&doi=10.1016%2fj.chaos.2015.03.016&partnerID=40&md5=c423098b1eeb7203b470e5b798e6805a"
"Martínez J.H., Ariza P., Zanin M., Papo D., Maestú F., Pastor J.M., Bajo R., Boccaletti S., Buldú J.M.","56529959600;55810424500;23991967500;7801385624;6507284679;22986219600;36570124400;7006291912;6602820274;","https://www.scopus.com/inward/record.uri?eid=2-s2.0-84923699227&doi=10.1016%2fj.chaos.2015.01.008&partnerID=40&md5=38f7f95c25400b0ff9a47f34f5fd79e5"
"Wang S.-J., Wang Z., Jin T., Boccaletti S.","35231291700;57192377511;55100104000;7006291912;","https://www.scopus.com/inward/record.uri?eid=2-s2.0-84961290751&doi=10.1038%2fsrep07536&partnerID=40&md5=8b44c8d0befe14511f9108e7ceaa7fc0"
"Boccaletti S., Bianconi G., Criado R., del Genio C.I., Gómez-Gardeñes J., Romance M., Sendiña-Nadal I., Wang Z., Zanin M.","7006291912;6701555846;6603726429;26657868400;55900842100;15731654400;6602499111;57192377511;23991967500;","https://www.scopus.com/inward/record.uri?eid=2-s2.0-84909980102&doi=10.1016%2fj.physrep.2014.07.001&partnerID=40&md5=1017c2fdfb4af3a3b99c15f12b1b48e9"
"Olmi S., Navas A., Boccaletti S., Torcini A.","36006692200;36721937500;7006291912;56028770100;","https://www.scopus.com/inward/record.uri?eid=2-s2.0-84907835179&doi=10.1103%2fPhysRevE.90.042905&partnerID=40&md5=081a18b4005c7c5c9580e3b4907e0d99"
"Papo D., Buldú J.M., Boccaletti S., Bullmore E.T.","7801385624;6602820274;7006291912;35405771500;","https://www.scopus.com/inward/record.uri?eid=2-s2.0-84964314150&doi=10.1098%2frstb.2013.0520&partnerID=40&md5=1fc49a133a086ab870a71156f21ca95e"
"Papo D., Zanin M., Pineda-Pardo J.A., Boccaletti S., Buldú J.M.","7801385624;23991967500;56061789300;7006291912;6602820274;","https://www.scopus.com/inward/record.uri?eid=2-s2.0-84964312687&doi=10.1098%2frstb.2013.0525&partnerID=40&md5=d5a16dd442c14dc9747fd4e48a75d9d6"
"Zhang X., Zou Y., Boccaletti S., Liu Z.","55802361800;35308570800;7006291912;8579798700;","https://www.scopus.com/inward/record.uri?eid=2-s2.0-84902176964&doi=10.1038%2fsrep05200&partnerID=40&md5=a1f3af22317d4c97fd3300bcaec92768"
"Zanin M., Alcazar J.M., Carbajosa J.V., Paez M.G., Papo D., Sousa P., Menasalvas E., Boccaletti S.","23991967500;56188930100;6602169601;56188628800;7801385624;35515502700;6602242147;7006291912;","https://www.scopus.com/inward/record.uri?eid=2-s2.0-84901713522&doi=10.1038%2fsrep05112&partnerID=40&md5=6ce55565a4317f53256e353d85d15a20"
"De Santos-Sierra D., Sendiña-Nadal I., Leyva I., Almendral J.A., Anava S., Ayali A., Papo D., Boccaletti S.","36138601900;6602499111;55398853600;7006920889;25935781800;6603870315;7801385624;7006291912;","https://www.scopus.com/inward/record.uri?eid=2-s2.0-84900299759&doi=10.1371%2fjournal.pone.0085828&partnerID=40&md5=1b1fb1e5fd905b0451d58a9dfcf5806f"
"Hu X., Boccaletti S., Huang W., Zhang X., Liu Z., Guan S., Lai C.-H.","55801383000;7006291912;55800398000;55802361800;8579798700;7101750424;7403086160;","https://www.scopus.com/inward/record.uri?eid=2-s2.0-84922674156&doi=10.1038%2fsrep07262&partnerID=40&md5=756cdf7a746f1bf00cda970ad1067fcc"
"Varacca A., Boccaletti S., Soregaroli C.","56468024400;7006291912;15133256400;","https://www.scopus.com/inward/record.uri?eid=2-s2.0-84920287040&partnerID=40&md5=754ef3caa0c1aec73cd480d8b8451a19"
"Zanin M., Menasalvas E., Boccaletti S., Sousa P.A.","23991967500;6602242147;7006291912;35515502700;","https://www.scopus.com/inward/record.uri?eid=2-s2.0-84907093033&doi=10.1007%2f978-3-642-54734-5&partnerID=40&md5=d9d20e7ee4880f9c4ce6e648f58bb162"
"Balenzuela P., Rué P., Boccaletti S., Garcia-Ojalvo J.","6508045504;35189636800;7006291912;55931225400;","https://www.scopus.com/inward/record.uri?eid=2-s2.0-84894217363&doi=10.1088%2f1367-2630%2f16%2f1%2f013036&partnerID=40&md5=691fe7d930b949cc5bb2339f0f36f7ff"
"Gutiérrez R., Sevilla-Escoboza R., Piedrahita P., Finke C., Feudel U., Buldú J.M., Huerta-Cuellar G., Jaimes-Reátegui R., Moreno Y., Boccaletti S.","36898262500;26654545800;55951257200;36104017000;7003728859;6602820274;56002769300;8941071700;7004893698;7006291912;","https://www.scopus.com/inward/record.uri?eid=2-s2.0-84889264064&doi=10.1103%2fPhysRevE.88.052908&partnerID=40&md5=08c4ac2963d31c5990a62e92cfe90c9f"
"Leyva I., Sendiña-Nadal I., Almendral J.A., Navas A., Olmi S., Boccaletti S.","55398853600;6602499111;7006920889;36721937500;36006692200;7006291912;","https://www.scopus.com/inward/record.uri?eid=2-s2.0-84886058455&doi=10.1103%2fPhysRevE.88.042808&partnerID=40&md5=6dc02be8de9afbbeae5021acee079cd1"
"Zanin M., Menasalvas E., Boccaletti S., Sousa P.","23991967500;6602242147;7006291912;35515502700;","https://www.scopus.com/inward/record.uri?eid=2-s2.0-84883198338&doi=10.1371%2fjournal.pone.0072045&partnerID=40&md5=9d4405e088dd484d4a0779a7a903137d"
"Solá L., Romance M., Criado R., Flores J., García del Amo A., Boccaletti S.","35389857300;15731654400;6603726429;10140124600;13102917900;7006291912;","https://www.scopus.com/inward/record.uri?eid=2-s2.0-84884941512&doi=10.1063%2f1.4818544&partnerID=40&md5=34c3f2bbdcc14fd6537a5cfa9d238e7a"
"Zanin M., Papo D., Boccaletti S.","23991967500;7801385624;7006291912;","https://www.scopus.com/inward/record.uri?eid=2-s2.0-84880526916&doi=10.1209%2f0295-5075%2f102%2f40007&partnerID=40&md5=89d8f666295ba481b1ac818a98d54795"
"Cardillo A., Gomez-Gardeñes J., Zanin M., Romance M., Papo D., Del Pozo F., Boccaletti S.","14008586700;55900842100;23991967500;15731654400;7801385624;55663615800;7006291912;","https://www.scopus.com/inward/record.uri?eid=2-s2.0-84874612614&doi=10.1038%2fsrep01344&partnerID=40&md5=02e42236bed048721753acb33c8450e8"
"Zanin M., Papo D., González Solís J.L., Martínez Espinosa J.C., Frausto-Reyes C., Palomares Anda P., Sevilla-Escoboza R., Jaimes-Reategui R., Boccaletti S., Menasalvas E., Sousa P.","23991967500;7801385624;36170478100;35180160400;8276106300;55988718400;26654545800;8941071700;7006291912;6602242147;35515502700;","https://www.scopus.com/inward/record.uri?eid=2-s2.0-85126742592&doi=10.3390%2fmetabo3010155&partnerID=40&md5=586fbb78c08e4167e91f0d3af695310d"
"Leyva I., Navas A., Sendiña-Nadal I., Almendral J.A., Buldú J.M., Zanin M., Papo D., Boccaletti S.","55398853600;36721937500;6602499111;7006920889;6602820274;23991967500;7801385624;7006291912;","https://www.scopus.com/inward/record.uri?eid=2-s2.0-84874341051&doi=10.1038%2fsrep01281&partnerID=40&md5=e765028de07c54ae545bd8b6b3e7adbc"
"Cardillo A., Zanin M., Gómez-Gardeñes J., Romance M., García del Amo A.J., Boccaletti S.","14008586700;23991967500;55900842100;15731654400;13102917900;7006291912;","https://www.scopus.com/inward/record.uri?eid=2-s2.0-84873176031&doi=10.1140%2fepjst%2fe2013-01712-8&partnerID=40&md5=aece806ca4d0734732f5617c53e0b26b"
"Moskalenko O.I., Koronovskii A.A., Hramov A.E., Boccaletti S.","10038769200;7004189995;6603156741;7006291912;","https://www.scopus.com/inward/record.uri?eid=2-s2.0-84867031410&doi=10.1103%2fPhysRevE.86.036216&partnerID=40&md5=6c6215aaa88730eae6cfec154d76de09"
"Zanin M., Sousa P., Papo D., Bajo R., García-Prieto J., Pozo F.D., Menasalvas E., Boccaletti S.","23991967500;35515502700;7801385624;36570124400;54419918200;7006844729;6602242147;7006291912;","https://www.scopus.com/inward/record.uri?eid=2-s2.0-84866058332&doi=10.1038%2fsrep00630&partnerID=40&md5=236056964defae8eb1fbbc8a56f83462"
"Zanin M., Menasalvas E., Sousa P.A.C., Boccaletti S.","23991967500;6602242147;35515502700;7006291912;","https://www.scopus.com/inward/record.uri?eid=2-s2.0-84870985575&doi=10.3934%2fnhm.2012.7.473&partnerID=40&md5=4c22502b7d55b28a5d00be8397417b13"
"Avalos-Gaytán V., Almendral J.A., Papo D., Schaeffer S.E., Boccaletti S.","55330535900;7006920889;7801385624;8966489800;7006291912;","https://www.scopus.com/inward/record.uri?eid=2-s2.0-84864746885&doi=10.1103%2fPhysRevE.86.015101&partnerID=40&md5=9fd476e67a16dc4e0d0af5e8b074a107"
"Rad A.A., Sendiña-Nadal I., Papo D., Zanin M., Buldú J.M., Del Pozo F., Boccaletti S.","22036134400;6602499111;7801385624;23991967500;6602820274;55663615800;7006291912;","https://www.scopus.com/inward/record.uri?eid=2-s2.0-84861833399&doi=10.1103%2fPhysRevLett.108.228701&partnerID=40&md5=769ce9e9c4580392fdfa4d2d39cef78e"
"Gutiérrez R., Sendiña-Nadal I., Zanin M., Papo D., Boccaletti S.","36898262500;6602499111;23991967500;7801385624;7006291912;","https://www.scopus.com/inward/record.uri?eid=2-s2.0-84861130916&doi=10.1038%2fsrep00396&partnerID=40&md5=e6ae71821b166e2242853c172b7387bf"
"Do A.-L., Boccaletti S., Gross T.","34067584600;7006291912;8346290800;","https://www.scopus.com/inward/record.uri?eid=2-s2.0-84860778335&doi=10.1103%2fPhysRevLett.108.194102&partnerID=40&md5=1533877e9b9ae7d3ef84944a7e93d6ba"
"Leyva I., Sevilla-Escoboza R., Buldú J.M., Sendiña-Nadal I., Gómez-Gardeñes J., Arenas A., Moreno Y., Gómez S., Jaimes-Reátegui R., Boccaletti S.","55398853600;26654545800;6602820274;6602499111;55900842100;7006307933;7004893698;17433927500;8941071700;7006291912;","https://www.scopus.com/inward/record.uri?eid=2-s2.0-84860153563&doi=10.1103%2fPhysRevLett.108.168702&partnerID=40&md5=a093e1e355e17ecd3806efd9f215af72"
"Buldú J.M., Papo D., Pineda J.A., Ariza P., Del Pozo F., Boccaletti S.","6602820274;7801385624;57225226678;55810424500;55663615800;7006291912;","https://www.scopus.com/inward/record.uri?eid=2-s2.0-84881009130&doi=10.3182%2f20120620-3-MX-3012.00031&partnerID=40&md5=d8457ab3e2413009a59d12ba75225702"
"Avalos-Gaytán V., Almendral J.A., Schaeffer S.E., Boccaletti S.","55330535900;7006920889;8966489800;7006291912;","https://www.scopus.com/inward/record.uri?eid=2-s2.0-84880980431&doi=10.3182%2f20120620-3-MX-3012.00034&partnerID=40&md5=86e5592bd27d3449d481c431e1b1543d"
"Zanin M., GutiÉrrez R., Bajo R., BuldÚ J.M., Papo D., Boccaletti S.","23991967500;36898262500;36570124400;6602820274;7801385624;7006291912;","https://www.scopus.com/inward/record.uri?eid=2-s2.0-84864821261&doi=10.1142%2fS0218127412020063&partnerID=40&md5=91fc2c9506b1090d3d1e672cc6df5ee4"
"BuldÚ J.M., SendiÑa-Nadal I., Leyva I., Almendral J.A., Zanin M., Boccaletti S.","6602820274;6602499111;55398853600;7006920889;23991967500;7006291912;","https://www.scopus.com/inward/record.uri?eid=2-s2.0-84864793787&doi=10.1142%2fS0218127412501672&partnerID=40&md5=92f8258f81800d3ee70fd4146bb04418"
"Zanin M., Papo D., Sendiña-Nadal I., Boccaletti S.","23991967500;7801385624;6602499111;7006291912;","https://www.scopus.com/inward/record.uri?eid=2-s2.0-84855282412&doi=10.1103%2fPhysRevE.84.060102&partnerID=40&md5=7ec4c21b7db3a2826edf4993cfb244cf"
"Leyva I., Navas A., Sendiña-Nadal I., BuldúJ.M., Almendral J.A., Boccaletti S.","55398853600;36721937500;6602499111;54794807600;7006920889;7006291912;","https://www.scopus.com/inward/record.uri?eid=2-s2.0-84555189285&doi=10.1103%2fPhysRevE.84.065101&partnerID=40&md5=510775478397882f56b5536f715092ef"
"Assenza S., Gutiérrez R., Gómez-Gardeñes J., Latora V., Boccaletti S.","24467551500;36898262500;55900842100;7003540219;7006291912;","https://www.scopus.com/inward/record.uri?eid=2-s2.0-84859737287&doi=10.1038%2fsrep00099&partnerID=40&md5=2fda0912a954a28edb2a19d279d33648"
"Gutiérrez R., Amann A., Assenza S., Gómez-Gardeñes J., Latora V., Boccaletti S.","36898262500;7007093573;24467551500;55900842100;7003540219;7006291912;","https://www.scopus.com/inward/record.uri?eid=2-s2.0-82455185112&doi=10.1103%2fPhysRevLett.107.234103&partnerID=40&md5=d0169b361023a367d7a72dc01a6ec237"
"Zanin M., Del Pozo F., Boccaletti S.","23991967500;55663615800;7006291912;","https://www.scopus.com/inward/record.uri?eid=2-s2.0-80455145110&doi=10.1371%2fjournal.pone.0026467&partnerID=40&md5=cb8ba1f8c0f0d9160ef58af29d91dd1e"
"Gutiérrez R., del-Pozo F., Boccaletti S.","36898262500;55663615800;7006291912;","https://www.scopus.com/inward/record.uri?eid=2-s2.0-79959214455&doi=10.1371%2fjournal.pone.0020236&partnerID=40&md5=8ff6989bb6148fa90a1bc3bff9fb491c"
"Buldú J.M., Bajo R., Maestú F., Castellanos N., Leyva I., Gil P., Sendiña-Nadal I., Almendral J.A., Nevado A., del-Pozo F., Boccaletti S.","6602820274;36570124400;6507284679;15061074500;55398853600;57225424824;6602499111;7006920889;6603223768;55663615800;7006291912;","https://www.scopus.com/inward/record.uri?eid=2-s2.0-79956357149&doi=10.1371%2fjournal.pone.0019584&partnerID=40&md5=74c6fa7523461b34a3b881af0d3809be"
"Castellanos N.P., Leyva I., Buldú J.M., Bajo R., Paúl N., Cuesta P., Ordóñez V.E., Pascua C.L., Boccaletti S., Maestú F., del-Pozo F.","15061074500;55398853600;6602820274;36570124400;6508086464;35975908400;6506484297;42662126600;7006291912;6507284679;55663615800;","https://www.scopus.com/inward/record.uri?eid=2-s2.0-79952067464&doi=10.1016%2fj.neuroimage.2010.12.046&partnerID=40&md5=b8b1d0baae9fa9877771ea54c5be5ea1"
"Sendiña-Nadal I., Ofran Y., Almendral J.A., Buldú J.M., Leyva I., Li D., Havlin S., Boccaletti S.","6602499111;8912774400;7006920889;6602820274;55398853600;37057582400;35397372900;7006291912;","https://www.scopus.com/inward/record.uri?eid=2-s2.0-79952419620&doi=10.1371%2fjournal.pone.0017679&partnerID=40&md5=ce614bee3fe79641ee6ce8a2574c237b"
"Zanin M., Boccaletti S.","23991967500;7006291912;","https://www.scopus.com/inward/record.uri?eid=2-s2.0-80053416170&doi=10.1063%2f1.3608126&partnerID=40&md5=c2eb6da46958aeb9b2115163e8531dec"
"Madi A., Kenett D.Y., Bransburg-Zabary S., Merbl Y., Quintana F.J., Boccaletti S., Tauber A.I., Cohen I.R., Ben-Jacob E.","24741187000;35275313400;6506242677;16301978900;57196894611;7006291912;7004977340;57213513305;7005078550;","https://www.scopus.com/inward/record.uri?eid=2-s2.0-79953290372&doi=10.1063%2f1.3543800&partnerID=40&md5=e084de05f691313cedbaa2443038f3d8"
"Almendral J.A., Leyva I., Li D., Sendiña-Nadal I., Havlin S., Boccaletti S.","7006920889;55398853600;37057582400;6602499111;35397372900;7006291912;","https://www.scopus.com/inward/record.uri?eid=2-s2.0-77955128658&doi=10.1103%2fPhysRevE.82.016115&partnerID=40&md5=6a01749b4a5a67da1db9560ca15c887d"
"Crespo-Garcia M., Cantero J.L., Pomyalov A., Boccaletti S., Atienza M.","23468680600;7004707844;6602679391;7006291912;7005437007;","https://www.scopus.com/inward/record.uri?eid=2-s2.0-77249084106&doi=10.1016%2fj.neuroimage.2010.01.018&partnerID=40&md5=f2671015db59ca00460c68a534a286ff"
"Boccaletti S., Aihara K., Ando H.","7006291912;7103203284;55315204500;","https://www.scopus.com/inward/record.uri?eid=2-s2.0-85124115845&doi=10.1142%2f9789814291705_0003&partnerID=40&md5=972dee68d567a8ef434f86a5607b7a8e"
"Zanin M., Buldú J.M., Boccaletti S.","23991967500;6602820274;7006291912;","https://www.scopus.com/inward/record.uri?eid=2-s2.0-77951934719&doi=10.1142%2fS021812741002623X&partnerID=40&md5=56378fc786fe443677f77cb8b4fac6d1"
"Almendral J.A., Leyva I., Sendiña-Nadal I., Boccaletti S.","7006920889;55398853600;6602499111;7006291912;","https://www.scopus.com/inward/record.uri?eid=2-s2.0-77951917295&doi=10.1142%2fS0218127410026046&partnerID=40&md5=c4df4559197af09ea15e638c3ba6beb4"
"Leyva I., Sendiña-Nadal I., Almendral J.A., Buldú J.M., Li D., Havlin S., Boccaletti S.","55398853600;6602499111;7006920889;6602820274;37057582400;35397372900;7006291912;","https://www.scopus.com/inward/record.uri?eid=2-s2.0-77951917017&doi=10.1142%2fS0218127410026113&partnerID=40&md5=1c466fc3da76dfeae8db8f3d4b9b5e68"
"Almendral J.A., Sendiña-Nadal I., Yu D., Leyva I., Boccaletti S.","7006920889;6602499111;56332086600;55398853600;7006291912;","https://www.scopus.com/inward/record.uri?eid=2-s2.0-73649134709&doi=10.1103%2fPhysRevE.80.066111&partnerID=40&md5=f1309468ee47015489ce75c5ede7fa52"
"Leyva I., Sendina-Nadal I., Buldu J.M., Almendral J.A., Boccaletti S.","55398853600;6602499111;6602820274;7006920889;7006291912;","https://www.scopus.com/inward/record.uri?eid=2-s2.0-70349437260&doi=10.1080%2f00207720802556278&partnerID=40&md5=d3255f889e99e0497ed5a6292ea201a8"
"Pisarchik A.N., Jaimes-Reátegui R., Sevilla-Escoboza R., Boccaletti S.","7005864666;8941071700;26654545800;7006291912;","https://www.scopus.com/inward/record.uri?eid=2-s2.0-67549086297&doi=10.1103%2fPhysRevE.79.055202&partnerID=40&md5=ef659414ae85a7e9530ccadce2636f5f"
"Sendiña-Nadal I., Leyva I., Buldú J.M., Almendral J.A., Boccaletti S.","6602499111;55398853600;6602820274;7006920889;7006291912;","https://www.scopus.com/inward/record.uri?eid=2-s2.0-65549089116&doi=10.1103%2fPhysRevE.79.046105&partnerID=40&md5=5091189de0166e6ce8b79fd868d5eda1"
"Boccaletti S., Latora V., Moreno Y.","7006291912;7003540219;7004893698;","https://www.scopus.com/inward/record.uri?eid=2-s2.0-85116539275&partnerID=40&md5=39e2c81ba8a69ae9e04a60bab11d2438"
"Boccaletti S., Latora V., Moreno Y.","7006291912;7003540219;7004893698;","https://www.scopus.com/inward/record.uri?eid=2-s2.0-85116538830&doi=10.1142%2f7182&partnerID=40&md5=94aff9e7f9e28966f6e261311f07526e"
"Fuchs E., Ayali A., Ben-Jacob E., Boccaletti S.","56578615600;6603870315;7005078550;7006291912;","https://www.scopus.com/inward/record.uri?eid=2-s2.0-70349774699&doi=10.1088%2f1478-3975%2f6%2f3%2f036018&partnerID=40&md5=83f1988691353de4df8cb63975393e75"
"Boccaletti S., Criado R., Pello J., Romance M., Vela-PÉrez M.","7006291912;6603726429;55885484100;15731654400;25825908300;","https://www.scopus.com/inward/record.uri?eid=2-s2.0-67449141162&doi=10.1142%2fS0218127409023093&partnerID=40&md5=8187baa8fd211f02f473df0bc57126f9"
"Boccaletti S., Criado R., Romance M.","7006291912;6603726429;15731654400;","https://www.scopus.com/inward/record.uri?eid=2-s2.0-67449113021&doi=10.1142%2fS0218127409023019&partnerID=40&md5=62fc920920d10d2cb269eb49cd20079b"
"Li D., Leyva I., Almendral J.A., Sendiña-Nadal I., Buldú J.M., Havlin S., Boccaletti S.","37057582400;55398853600;7006920889;6602499111;6602820274;35397372900;7006291912;","https://www.scopus.com/inward/record.uri?eid=2-s2.0-54849437359&doi=10.1103%2fPhysRevLett.101.168701&partnerID=40&md5=ffea0b4abfe7b06c7a1e505494f76f0a"
"Sendiña-Nadal I., Buldú J.M., Leyva I., Boccaletti S.","6602499111;6602820274;55398853600;7006291912;","https://www.scopus.com/inward/record.uri?eid=2-s2.0-50249151523&doi=10.1371%2fjournal.pone.0002644&partnerID=40&md5=178bd1842348a449fa4954352854bee4"
"Boccaletti S.","7006291912;","https://www.scopus.com/inward/record.uri?eid=2-s2.0-45949110120&doi=10.1016%2fS1574-6917%2807%2900207-3&partnerID=40&md5=547ec5306cd6d348d6abcef08da22c22"
"Boccaletti S.","7006291912;","https://www.scopus.com/inward/record.uri?eid=2-s2.0-45949108934&doi=10.1016%2fS1574-6917%2807%2900202-4&partnerID=40&md5=cca1c8d7d9c65f5ad15f562ec7923fa1"
"Boccaletti S.","7006291912;","https://www.scopus.com/inward/record.uri?eid=2-s2.0-45949108933&doi=10.1016%2fS1574-6917%2807%2900201-2&partnerID=40&md5=60ec37c72a1856b40834f3dc747516a5"
"Boccaletti S.","7006291912;","https://www.scopus.com/inward/record.uri?eid=2-s2.0-45949106345&doi=10.1016%2fS1574-6917%2807%2900208-5&partnerID=40&md5=250953e531dc0e1fe9b2b3696b3bb6a3"
"Boccaletti S.","7006291912;","https://www.scopus.com/inward/record.uri?eid=2-s2.0-45949098424&doi=10.1016%2fS1574-6917%2807%2900206-1&partnerID=40&md5=8cb552194a078ba6747e796504318f6c"
"Boccaletti S.","7006291912;","https://www.scopus.com/inward/record.uri?eid=2-s2.0-45949098115&doi=10.1016%2fS1574-6917%2807%2900203-6&partnerID=40&md5=f8d73494f2cde5ab9bdd0890e1d472e7"
"Boccaletti S.","7006291912;","https://www.scopus.com/inward/record.uri?eid=2-s2.0-45949096891&doi=10.1016%2fS1574-6917%2807%2900204-8&partnerID=40&md5=df51ffb46f09227e928effb48fca9ae8"
"Boccaletti S.","7006291912;","https://www.scopus.com/inward/record.uri?eid=2-s2.0-45949086758&doi=10.1016%2fS1574-6917%2807%2900205-X&partnerID=40&md5=f49dcbfe14160ef458896ed7d3e154b2"
"Barrat A., Boccaletti S., Caldarelli G., Chessa A., Latora V., Motter E.","7003666520;7006291912;55139905100;6604050350;7003540219;6701853261;","https://www.scopus.com/inward/record.uri?eid=2-s2.0-44449105077&doi=10.1088%2f1751-8121%2f41%2f22%2f220301&partnerID=40&md5=8e0f5ee35901147a9f07b5e2678a08a0"
"Boccaletti S., Bragard J.","7006291912;55952604900;","https://www.scopus.com/inward/record.uri?eid=2-s2.0-84889468899&doi=10.1002%2f9783527622313.ch9&partnerID=40&md5=b40772172ca1da0695f4e1a923c63da1"
"Boccaletti S.","7006291912;","https://www.scopus.com/inward/record.uri?eid=2-s2.0-40849134164&doi=10.1016%2fS1574-6917%2807%2906001-1&partnerID=40&md5=9d03a2839c4a28cb3e2a72e45be11d41"
"Boccaletti S.","7006291912;","https://www.scopus.com/inward/record.uri?eid=2-s2.0-40849086440&doi=10.1016%2fS1574-6917%2807%2906002-3&partnerID=40&md5=57ddbd24518b625e61b3fb1b9b03e412"
"Meucci R., Salvadori F., Al Naimee K., Brugioni S., Goswami B.K., Boccaletti S., Arecchi F.T.","56284385600;15822733000;15052968000;6603008607;7101686909;7006291912;7005414320;","https://www.scopus.com/inward/record.uri?eid=2-s2.0-37549043604&doi=10.1098%2frsta.2007.2104&partnerID=40&md5=e7b426a0bd839a30bc7cb0c77acd5144"
"Frasca M., Buscarino A., Rizzo A., Fortuna L., Boccaletti S.","7006655104;14015085600;7202135907;7006124439;7006291912;","https://www.scopus.com/inward/record.uri?eid=2-s2.0-38849183439&doi=10.1103%2fPhysRevLett.100.044102&partnerID=40&md5=877c848edc850f09eaf06362a511a2e0"
"Boccaletti S., Chavez M.","7006291912;9242166800;","https://www.scopus.com/inward/record.uri?eid=2-s2.0-85133288299&doi=10.1142%2f9789812814050_0005&partnerID=40&md5=04618acdf996f24c8cac3fa32bc0082f"
"Zanin M., Buldú J.M., Cano P., Boccaletti S.","23991967500;6602820274;56248848600;7006291912;","https://www.scopus.com/inward/record.uri?eid=2-s2.0-46449107066&doi=10.1063%2f1.2901916&partnerID=40&md5=8aa54fc48bf1a8dc104e2466ff5cff23"
"Filatova A.E., Hramov A.E., Koronovskii A.A., Boccaletti S.","55758753300;6603156741;7004189995;7006291912;","https://www.scopus.com/inward/record.uri?eid=2-s2.0-46449096740&doi=10.1063%2f1.2940685&partnerID=40&md5=777921368df944231ef25614ec264ead"
"Hramov A.E., Khramova A.E., Koronovskii A.A., Boccaletti S.","6603156741;55758753300;7004189995;7006291912;","https://www.scopus.com/inward/record.uri?eid=2-s2.0-45149097676&doi=10.1142%2fS0218127408020707&partnerID=40&md5=a7ff0efb744e675576e7a174746336d9"
"Angelini L., Marinazzo D., Pellicoro M., Stramaglia S., Boccaletti S.","56236469000;22941627800;8632815800;7003324576;7006291912;","https://www.scopus.com/inward/record.uri?eid=2-s2.0-72349094095&doi=10.1063%2f1.2828753&partnerID=40&md5=995ed331a0e848f689e3275f6b945f8f"
"Pluchino A., Latora V., Rapisarda A., Boccaletti S.","6602888162;7003540219;7007009318;7006291912;","https://www.scopus.com/inward/record.uri?eid=2-s2.0-54249155778&doi=10.1063%2f1.2828752&partnerID=40&md5=b9b0cc1d0949fdc7c9a24b7e721ac81f"
"Yamapi R., Boccaletti S.","35605396500;7006291912;","https://www.scopus.com/inward/record.uri?eid=2-s2.0-35348960917&doi=10.1016%2fj.physleta.2007.05.112&partnerID=40&md5=d2ec57b17e38def5241a7b94337515f6"
"Hramov A.E., Koronovskii A.A., Kurovskaya M.K., Ovchinnikov A.A., Boccaletti S.","6603156741;7004189995;8848465300;35727812900;7006291912;","https://www.scopus.com/inward/record.uri?eid=2-s2.0-34547855456&doi=10.1103%2fPhysRevE.76.026206&partnerID=40&md5=e8923ce840521a8ea681e34f7af2e012"
"Casado S., González-Viñas W., Boccaletti S., Ramazza P.L., Mancini H.","57198140394;35588566200;7006291912;7004651627;7004841917;","https://www.scopus.com/inward/record.uri?eid=2-s2.0-34447561873&doi=10.1140%2fepjst%2fe2007-00171-2&partnerID=40&md5=f4b79c7bdf6423f9d56c3b3630775dde"
"Chavez M., Hwang D.-U., Boccaletti S.","9242166800;7401879393;7006291912;","https://www.scopus.com/inward/record.uri?eid=2-s2.0-34447544504&doi=10.1140%2fepjst%2fe2007-00174-y&partnerID=40&md5=a12df69c647a6159260663833018ec39"
"Buldú J.M., Cano P., Koppenberger M., Almendral J.A., Boccaletti S.","6602820274;56248848600;8380775000;7006920889;7006291912;","https://www.scopus.com/inward/record.uri?eid=2-s2.0-34547328648&doi=10.1088%2f1367-2630%2f9%2f6%2f172&partnerID=40&md5=63af140c1c74a9bd43e4828c54f39c40"
"Ando H., Boccaletti S., Aihara K.","55315204500;7006291912;7103203284;","https://www.scopus.com/inward/record.uri?eid=2-s2.0-34547376504&doi=10.1103%2fPhysRevE.75.066211&partnerID=40&md5=108b475ac2996c2842c7be67565d6d79"
"Boccaletti S., Ivanchenko M., Latora V., Pluchino A., Rapisarda A.","7006291912;6603861723;7003540219;6602888162;7007009318;","https://www.scopus.com/inward/record.uri?eid=2-s2.0-34247133104&doi=10.1103%2fPhysRevE.75.045102&partnerID=40&md5=24d6131fe1972b1b338fb92515ee3a02"
"Lodato I., Boccaletti S., Latora V.","16230720700;7006291912;7003540219;","https://www.scopus.com/inward/record.uri?eid=2-s2.0-79051469358&doi=10.1209%2f0295-5075%2f78%2f28001&partnerID=40&md5=ca268655271fa2afddacc1b83e6c29a6"
"Arecchi F.T., Meucci R., Allaria E., Boccaletti S.","7005414320;56284385600;6603817098;7006291912;","https://www.scopus.com/inward/record.uri?eid=2-s2.0-84874561060&doi=10.1007%2f978-88-470-0534-1_9&partnerID=40&md5=8ced44d82d7a8a0a86468d99ad512921"
"Brugioni S., Hwang D.U., Meucci R., Boccaletti S.","6603008607;7401879393;56284385600;7006291912;","https://www.scopus.com/inward/record.uri?eid=2-s2.0-38349089309&doi=10.1142%2fS0218127407019160&partnerID=40&md5=a4982017b69d74c8173763c60eef5b38"
"Ben-Jacob E., Boccaletti S., Pomyalov A., Procaccia I., Towle V.L.","7005078550;7006291912;6602679391;7006149018;7004514341;","https://www.scopus.com/inward/record.uri?eid=2-s2.0-37649023955&doi=10.1063%2f1.2805658&partnerID=40&md5=c3eec6b2a3e02c83de5d2be9b8c1a141"
"Bragard J., Vidal G., Mancini H., Mendoza C., Boccaletti S.","55952604900;23104606100;7004841917;57196913667;7006291912;","https://www.scopus.com/inward/record.uri?eid=2-s2.0-37649013184&doi=10.1063%2f1.2797378&partnerID=40&md5=e6312f2aaf8e0194bb21bf8263c3986a"
"Boccaletti S., Buldú J., Criado R., Flores J., Latora V., Pello J., Romance M.","7006291912;6602820274;6603726429;10140124600;7003540219;55885484100;15731654400;","https://www.scopus.com/inward/record.uri?eid=2-s2.0-37649006556&doi=10.1063%2f1.2801687&partnerID=40&md5=d36e2720c1ada0f03f48b7d62876345a"
"Boccaletti S., Latora V.","7006291912;7003540219;","https://www.scopus.com/inward/record.uri?eid=2-s2.0-34548478367&doi=10.1142%2fS0218127407018348&partnerID=40&md5=7cda33cdc3d84541cc366ca98cb4d1cc"
"Boccaletti S., Hwang D.-U., Latora V.","7006291912;7401879393;7003540219;","https://www.scopus.com/inward/record.uri?eid=2-s2.0-34548476045&doi=10.1142%2fS0218127407018518&partnerID=40&md5=84787855b3529885835ded3fec25ec5d"
"Mendoza C., Bragard J., Ramazza P.L., Martínez-Mardones J., Boccaletti S.","57196913667;55952604900;7004651627;6603166381;7006291912;","https://www.scopus.com/inward/record.uri?eid=2-s2.0-34547452262&doi=10.3934%2fmbe.2007.4.523&partnerID=40&md5=1636aefc4d424160be2887ad7170ccee"
"Angelini L., Boccaletti S., Marinazzo D., Pellicoro M., Stramaglia S.","56236469000;7006291912;22941627800;8632815800;7003324576;","https://www.scopus.com/inward/record.uri?eid=2-s2.0-34547278828&doi=10.1063%2f1.2732162&partnerID=40&md5=24b6c126fa1185be7daabedf8719affa"
"López-Ruiz R., Moreno Y., Pacheco A.F., Boccaletti S., Hwang D.-U.","6701327693;7004893698;57224718928;7006291912;7401879393;","https://www.scopus.com/inward/record.uri?eid=2-s2.0-33845619173&doi=10.1016%2fj.neunet.2006.04.002&partnerID=40&md5=761ae86adcfd5ef03bc8744edd3ce602"
"Chavez M., Hwang D.-U., Martinerie J., Boccaletti S.","9242166800;7401879393;7003299143;7006291912;","https://www.scopus.com/inward/record.uri?eid=2-s2.0-33845562457&doi=10.1103%2fPhysRevE.74.066107&partnerID=40&md5=702d6a3e647d3e9be866bdbb911cec75"
"Pluchino A., Boccaletti S., Latora V., Rapisarda A.","6602888162;7006291912;7003540219;7007009318;","https://www.scopus.com/inward/record.uri?eid=2-s2.0-33750063656&doi=10.1016%2fj.physa.2006.08.016&partnerID=40&md5=5b2940d3960b11a977e46982605f8959"
"Chavez M., Adam C., Boccaletti S., Martinerie J.","9242166800;7101789489;7006291912;7003299143;","https://www.scopus.com/inward/record.uri?eid=2-s2.0-84889296233&doi=10.1002%2f9783527609970.ch9&partnerID=40&md5=9ea9b244453bb740b8daab43b0d5f0cb"
"Meucci R., Salvadori F., Ivanchenko M.V., Naimee K.A., Zhou C., Arecchi F.T., Boccaletti S., Kurths J.","56284385600;15822733000;6603861723;15052968000;7403347050;7005414320;7006291912;35317963900;","https://www.scopus.com/inward/record.uri?eid=2-s2.0-33846342595&doi=10.1103%2fPhysRevE.74.066207&partnerID=40&md5=637c72e55beb0fc2e11b575d439e9771"
"Frasca M., Buscarino A., Rizzo A., Fortuna L., Boccaletti S.","7006655104;14015085600;7202135907;7006124439;7006291912;","https://www.scopus.com/inward/record.uri?eid=2-s2.0-33749033883&doi=10.1103%2fPhysRevE.74.036110&partnerID=40&md5=5ec2fffd6266c17b883c9f43b441e8d8"
"Boccaletti S., Hwang D.-U., Chavez M., Amann A., Kurths J., Pecora L.M.","7006291912;7401879393;9242166800;7007093573;35317963900;7005178558;","https://www.scopus.com/inward/record.uri?eid=2-s2.0-33749001996&doi=10.1103%2fPhysRevE.74.016102&partnerID=40&md5=b31c1d954d862c8f51e03c8d3352140f"
"Boccaletti S., Koronovsky A.A., Trubetskov D.I., Khramov A.E., Khramova A.E.","7006291912;7004189995;7004362558;6603156741;55758753300;","https://www.scopus.com/inward/record.uri?eid=2-s2.0-33847113975&doi=10.1007%2fs11141-006-0118-x&partnerID=40&md5=72139e569cba8ce067ce2ba59bfdde67"
"Hramov A.E., Koronovskii A.A., Kurovskaya M.K., Boccaletti S.","6603156741;7004189995;8848465300;7006291912;","https://www.scopus.com/inward/record.uri?eid=2-s2.0-33748702499&doi=10.1103%2fPhysRevLett.97.114101&partnerID=40&md5=f6ce92dfca5a56a96ab5aa28ddcdf4b2"
"Boccaletti S., Bragard J.","7006291912;55952604900;","https://www.scopus.com/inward/record.uri?eid=2-s2.0-33748323130&doi=10.1098%2frsta.2006.1830&partnerID=40&md5=1731c5b8a7b8314b19e01ffda29e55ec"
"Pisarchik A.N., Jaimes-Reátegui R., Villalobos-Salazar J.R., García-López J.H., Boccaletti S.","7005864666;8941071700;57214567054;57196778740;7006291912;","https://www.scopus.com/inward/record.uri?eid=2-s2.0-33745306650&doi=10.1103%2fPhysRevLett.96.244102&partnerID=40&md5=b9458bf39dd3464713fc516e9f21f311"
"Ramazza P.L., Bortolozzo U., Boccaletti S.","7004651627;6505856335;7006291912;","https://www.scopus.com/inward/record.uri?eid=2-s2.0-33645136539&doi=10.1103%2fPhysRevE.73.036213&partnerID=40&md5=c37e07ff0e6233dca15222fb205520e2"
"Boccaletti S., Latora V., Moreno Y., Chavez M., Hwang D.-U.","7006291912;7003540219;7004893698;9242166800;7401879393;","https://www.scopus.com/inward/record.uri?eid=2-s2.0-31344474880&doi=10.1016%2fj.physrep.2005.10.009&partnerID=40&md5=59858cab2745f64e4a072e575ad1b345"
"Sorrentino F., di Bernardo M., Cuéllar G.H., Boccaletti S.","35231115500;7006817977;56002769300;7006291912;","https://www.scopus.com/inward/record.uri?eid=2-s2.0-33751106667&doi=10.1016%2fj.physd.2006.09.030&partnerID=40&md5=9c817dd13a2f964e8036d16d3582bcf8"
"Boccaletti S., Pecora L.M.","7006291912;7005178558;","https://www.scopus.com/inward/record.uri?eid=2-s2.0-33645682833&doi=10.1063%2f1.2185009&partnerID=40&md5=e973977e5184d81d95fa69da0394902c"
"Chavez M., Hwang D.-U., Amann A., Boccaletti S.","9242166800;7401879393;7007093573;7006291912;","https://www.scopus.com/inward/record.uri?eid=2-s2.0-33645664519&doi=10.1063%2f1.2180467&partnerID=40&md5=5dcce37a8ab1a71b86d76b077e951a49"
"Fiasconaro A., Spagnolo B., Boccaletti S.","8660602900;7003559874;7006291912;","https://www.scopus.com/inward/record.uri?eid=2-s2.0-33244486280&doi=10.1103%2fPhysRevE.72.061110&partnerID=40&md5=bcbaa03f166448c64d36d25f5f8459de"
"Ramazza P.L., Bortolozzo U., Boccaletti S., Arecchi F.T.","7004651627;6505856335;7006291912;7005414320;","https://www.scopus.com/inward/record.uri?eid=2-s2.0-27844457087&doi=10.1007%2fs00340-005-2017-9&partnerID=40&md5=54c259c3941a89e4780819ffec1cfd38"
"Chavez M., Hwang D.-U., Amann A., Hentschel H.G.E., Boccaletti S.","9242166800;7401879393;7007093573;7006517214;7006291912;","https://www.scopus.com/inward/record.uri?eid=2-s2.0-27744507117&doi=10.1103%2fPhysRevLett.94.218701&partnerID=40&md5=61dc427784374545a2363bdb75c0050a"
"Brugioni S., Hwang D.-U., Meucci R., Boccaletti S.","6603008607;7401879393;56284385600;7006291912;","https://www.scopus.com/inward/record.uri?eid=2-s2.0-27944481843&doi=10.1103%2fPhysRevE.71.062101&partnerID=40&md5=9948d571e0efc294b68d027cfebd0601"
"Boccaletti S., Mendoza C., Bragard J.","7006291912;57196913667;55952604900;","https://www.scopus.com/inward/record.uri?eid=2-s2.0-23744438317&doi=10.1142%2fS0219477505002628&partnerID=40&md5=ad2acf5fd558b69d733d3c005bd039c9"
"Hwang D.-U., Chavez M., Amann A., Boccaletti S.","7401879393;9242166800;7007093573;7006291912;","https://www.scopus.com/inward/record.uri?eid=2-s2.0-18144376339&doi=10.1103%2fPhysRevLett.94.138701&partnerID=40&md5=aec7d99a7f3ae9b40a0cc7fe8ed93519"
"Bragard J., Montbrió E., Mendoza C., Boccaletti S., Blasius B.","55952604900;6505916706;57196913667;7006291912;6701526023;","https://www.scopus.com/inward/record.uri?eid=2-s2.0-41349104249&doi=10.1103%2fPhysRevE.71.025201&partnerID=40&md5=f856d3da00b2ed78ca647b5da9f2741f"
"Boccaletti S., Mendoza C., Bragard J.","7006291912;57196913667;55952604900;","https://www.scopus.com/inward/record.uri?eid=2-s2.0-33750075174&doi=10.1590%2fS0103-97332005000300008&partnerID=40&md5=ed85e3a8cc8b8291f03ec04e27420002"
"Chavez M., Adam C., Navarro V., Boccaletti S., Martinerie J.","9242166800;7101789489;56234477800;7006291912;7003299143;","https://www.scopus.com/inward/record.uri?eid=2-s2.0-31144441460&doi=10.1063%2f1.1938467&partnerID=40&md5=21060ab3c76ef0ecf68261248d31f581"
"Bortolozzo U., Ramazza P.L., Boccaletti S.","6505856335;7004651627;7006291912;","https://www.scopus.com/inward/record.uri?eid=2-s2.0-17744377683&doi=10.1063%2f1.1845011&partnerID=40&md5=59d1f40a3a7d3232867a8984d407d07d"
"Harrison R.W., Boccaletti S., House L.","57217263514;7006291912;7004693986;","https://www.scopus.com/inward/record.uri?eid=2-s2.0-25444485423&partnerID=40&md5=cbb3222bbdba7f440b0b4ebcb45d72ac"
"Tokuda I., Kurths J., Allaria E., Meucci R., Boccaletti S., Arecchi F.T.","6603900553;35317963900;6603817098;56284385600;7006291912;7005414320;","https://www.scopus.com/inward/record.uri?eid=2-s2.0-42749102156&doi=10.1103%2fPhysRevE.70.035204&partnerID=40&md5=4cba643aa6b469c82f8f2d329d69dff6"
"Bragard J., Boccaletti S., Mendoza C., Hentschel H.G.E., Mancini H.","55952604900;7006291912;57196913667;7006517214;7004841917;","https://www.scopus.com/inward/record.uri?eid=2-s2.0-37649028750&doi=10.1103%2fPhysRevE.70.036219&partnerID=40&md5=0c458782690f0c60afbe4bccef939ff7"
"Pastur L., Gostiaux L., Bortolozzo U., Boccaletti S., Ramazza P.L.","7003322268;13908337400;6505856335;7006291912;7004651627;","https://www.scopus.com/inward/record.uri?eid=2-s2.0-69649108847&doi=10.1103%2fPhysRevLett.93.063902&partnerID=40&md5=564646f90ac11fda714ad1739f9b3915"
"Boccaletti S., Allaria E., Meucci R.","7006291912;6603817098;56284385600;","https://www.scopus.com/inward/record.uri?eid=2-s2.0-42749099820&doi=10.1103%2fPhysRevE.69.066211&partnerID=40&md5=d9c72a0d8ce8b58b5add4d4b760a7c79"
"Baptista M.S., Boccaletti S., Josić K., Leyva I.","7102934062;7006291912;6602695446;55398853600;","https://www.scopus.com/inward/record.uri?eid=2-s2.0-42749099466&partnerID=40&md5=72fdfce2be30b6cbd01e849a353fa308"
"Mendoza C., Boccaletti S., Politi A.","57196913667;7006291912;8715369300;","https://www.scopus.com/inward/record.uri?eid=2-s2.0-37649030552&partnerID=40&md5=6ef36a50681aa691d285b86c48430d5b"
"Pastur L., Boccaletti S., Ramazza P.L.","7003322268;7006291912;7004651627;","https://www.scopus.com/inward/record.uri?eid=2-s2.0-42749108347&doi=10.1103%2fPhysRevE.69.036201&partnerID=40&md5=9472bec77b3eabfe0318977f364486cb"
"Bove I., Boccaletti S., Bragard J., Kurths J., Mancini H.","6507693223;7006291912;55952604900;35317963900;7004841917;","https://www.scopus.com/inward/record.uri?eid=2-s2.0-9744247054&partnerID=40&md5=5b33bf0ed90b83bed005f137d79e7748"
"Mendoza C., Boccaletti S., Politi A.","57196913667;7006291912;8715369300;","https://www.scopus.com/inward/record.uri?eid=2-s2.0-85036417351&doi=10.1103%2fPhysRevE.69.047202&partnerID=40&md5=36cce229f8c00536d8ed369252e3d452"
"Bragard J., Boccaletti S., Mendoza C., Hentschel H.G.E., Mancini H.","55952604900;7006291912;57196913667;7006517214;7004841917;","https://www.scopus.com/inward/record.uri?eid=2-s2.0-85036371304&doi=10.1103%2fPhysRevE.70.036219&partnerID=40&md5=1d4e8b6ca2cdcd936798fe2924bcab95"
"Bove I., Boccaletti S., Bragard J., Kurths J., Mancini H.","6507693223;7006291912;55952604900;35317963900;7004841917;","https://www.scopus.com/inward/record.uri?eid=2-s2.0-85036361262&doi=10.1103%2fPhysRevE.69.016208&partnerID=40&md5=af82755e007e1b415b22e3f1cfbc97ce"
"Baptista M.S., Boccaletti S., Josić K., Leyva I.","57196355789;7006291912;6602695446;55398853600;","https://www.scopus.com/inward/record.uri?eid=2-s2.0-85036267442&doi=10.1103%2fPhysRevE.69.056228&partnerID=40&md5=1ca29951f23062464f5082f080307ec1"
"Tokuda I., Kurths J., Allaria E., Meucci R., Boccaletti S., Arecchi F.T.","6603900553;35317963900;6603817098;56284385600;7006291912;7005414320;","https://www.scopus.com/inward/record.uri?eid=2-s2.0-85036252152&doi=10.1103%2fPhysRevE.70.035204&partnerID=40&md5=be925e1056ec8ec04890c5427a769aa3"
"Boccaletti S., Allaria E., Meucci R.","7006291912;6603817098;56284385600;","https://www.scopus.com/inward/record.uri?eid=2-s2.0-85036154641&doi=10.1103%2fPhysRevE.69.066211&partnerID=40&md5=46e20ee9560e76bf5a5f3aad8425511b"
"Leyva I., Allaria E., Boccaletti S., Arecchi F.T.","55398853600;6603817098;7006291912;7005414320;","https://www.scopus.com/inward/record.uri?eid=2-s2.0-1442322407&doi=10.1063%2f1.1628431&partnerID=40&md5=62d58d00fc95b3cbfafe5d22dcd64a80"
"López-Ruiz R., Boccaletti S.","6701327693;7006291912;","https://www.scopus.com/inward/record.uri?eid=2-s2.0-13844266459&doi=10.1142%2fS0218127404009727&partnerID=40&md5=b024126bbcf65c71dd57f52be866a2b5"
"Soregaroli C., Boccaletti S., Moro D.","15133256400;7006291912;7006320048;","https://www.scopus.com/inward/record.uri?eid=2-s2.0-27544442657&partnerID=40&md5=89a9b03af43d65c67eba34c2f5f0a838"
"Marino I.P., Allaria E., Meucci R., Boccaletti S., Arecchi F.T.","7006140735;6603817098;56284385600;7006291912;7005414320;","https://www.scopus.com/inward/record.uri?eid=2-s2.0-2342446542&doi=10.1117%2f12.531123&partnerID=40&md5=a4ee39ffd77ea9bedaa30a6e827e99b8"
"Leyva I., Allaria E., Boccaletti S., Arecchi F.T.","55398853600;6603817098;7006291912;7005414320;","https://www.scopus.com/inward/record.uri?eid=2-s2.0-1442330381&partnerID=40&md5=3b4061fd659fa4b3074d244421641496"
"Meucci R., Zhou C.S., Allaria E., Arecchi F.T., Boccaletti S., Kurths J.","56284385600;7403347050;6603817098;7005414320;7006291912;35317963900;","https://www.scopus.com/inward/record.uri?eid=2-s2.0-85077217044&doi=10.1063%2f1.1612198&partnerID=40&md5=259af50c8990b4e1426812d430fdae08"
"Pecora L., Boccaletti S., Valladares D.L., Moniz L., Geffert H.P., Carroll T.","7005178558;7006291912;6603075642;8274492100;8408474400;7102900241;","https://www.scopus.com/inward/record.uri?eid=2-s2.0-85077213575&doi=10.1063%2f1.1612231&partnerID=40&md5=31bcccdea2b9ff03d16fb092de8158ac"
"Bragard J., Boccaletti S., Mancini H.","55952604900;7006291912;7004841917;","https://www.scopus.com/inward/record.uri?eid=2-s2.0-0141564748&doi=10.1103%2fPhysRevLett.91.064103&partnerID=40&md5=a72cfb61e2eb58fed9311b54b6ce0007"
"Zhou C.S., Kurths J., Allaria E., Boccaletti S., Meucci R., Arecchi F.T.","7403347050;35317963900;6603817098;7006291912;56284385600;7005414320;","https://www.scopus.com/inward/record.uri?eid=2-s2.0-37649026507&partnerID=40&md5=0624edb1e5879b930414073b48459dfb"
"Zhou C.S., Kurths J., Allaria E., Boccaletti S., Meucci R., Arecchi F.T.","7403347050;35317963900;6603817098;7006291912;56284385600;7005414320;","https://www.scopus.com/inward/record.uri?eid=2-s2.0-85037183521&doi=10.1103%2fPhysRevE.67.066220&partnerID=40&md5=deca2d46d4201e2d7bf75d81ab9be56d"
"Arecchi F.T., Allaria E., Leyva I., Boccaletti S.","7005414320;6603817098;55398853600;7006291912;","https://www.scopus.com/inward/record.uri?eid=2-s2.0-84945359260&doi=10.1109%2fPHYCON.2003.1236892&partnerID=40&md5=34829339cafb1112cdedae5b99c115ba"
"Leyva I., Allaria E., Boccaletti S., Arecchi F.T.","55398853600;6603817098;7006291912;7005414320;","https://www.scopus.com/inward/record.uri?eid=2-s2.0-84945135702&doi=10.1103%2fPhysRevE.68.066209&partnerID=40&md5=6f7f4347aeec59ac0fd9c10cc63d536e"
"Zhou C.S., Kurths J., Allaria E., Boccaletti S., Meucci R., Arecchi F.T.","7403347050;35317963900;6603817098;7006291912;56284385600;7005414320;","https://www.scopus.com/inward/record.uri?eid=2-s2.0-84897142672&doi=10.1103%2fPhysRevE.67.015205&partnerID=40&md5=2e05e96ecf25d1d7fd76c42524bbf25a"
"Baptista M.S., Boccaletti S., Allaria E., Meucci R., Arecchi F.T.","7102934062;7006291912;6603817098;56284385600;7005414320;","https://www.scopus.com/inward/record.uri?eid=2-s2.0-0141790033&doi=10.1063%2f1.1602591&partnerID=40&md5=cd807c8a2e73823704b63b006eb3103f"
"Zhou C.S., Kurths J., Allaria E., Boccaletti S., Meucci R., Arecchi F.T.","7403347050;35317963900;6603817098;7006291912;56284385600;7005414320;","https://www.scopus.com/inward/record.uri?eid=2-s2.0-0038394479&partnerID=40&md5=fcbfe3e8f0d8684dfc84d110d3865433"
"Mariño I.P., Allaria E., Meucci R., Boccaletti S., Arecchi F.T.","7006140735;6603817098;56284385600;7006291912;7005414320;","https://www.scopus.com/inward/record.uri?eid=2-s2.0-0037360535&doi=10.1063%2f1.1489115&partnerID=40&md5=3b5fa00dab220b54e97794a2e1ad91db"
"Ramazza P.L., Boccaletti S., Bortolozzo U., Arecchi F.T.","7004651627;7006291912;6505856335;7005414320;","https://www.scopus.com/inward/record.uri?eid=2-s2.0-0037360096&doi=10.1063%2f1.1513137&partnerID=40&md5=52c367a0ef150212c688c5478a542ac5"
"Kurths J., Boccaletti S., Grebogi C., Lai Y.-C.","35317963900;7006291912;35567145300;7401512359;","https://www.scopus.com/inward/record.uri?eid=2-s2.0-0037356918&doi=10.1063%2f1.1554606&partnerID=40&md5=11e05e0779c678135c34f1a9d3dc17de"
"Boccaletti S., Allaria E., Meucci R., Arecchi F.T.","7006291912;6603817098;56284385600;7005414320;","https://www.scopus.com/inward/record.uri?eid=2-s2.0-0037897264&partnerID=40&md5=9849085dd1b67f2375a25147ffcc95b0"
"Ramazza P.L., Benkler E., Bortolozzo U., Boccaletti S., Ducci S., Arecchi F.T.","7004651627;57951667200;6505856335;7006291912;57204341970;7005414320;","https://www.scopus.com/inward/record.uri?eid=2-s2.0-41349084733&doi=10.1103%2fPhysRevE.65.066204&partnerID=40&md5=499c29ba3d92185622ded7ea300d3249"
"Valladares D.L., Boccaletti S., Feudel F., Kurths J.","6603075642;7006291912;6701845416;35317963900;","https://www.scopus.com/inward/record.uri?eid=2-s2.0-41349123210&doi=10.1103%2fPhysRevE.65.055208&partnerID=40&md5=2f1f26665c80a3f3261351ee24f7d875"
"Boccaletti S., Allaria E., Meucci R., Arecchi F.T.","7006291912;6603817098;56284385600;7005414320;","https://www.scopus.com/inward/record.uri?eid=2-s2.0-85038298354&doi=10.1103%2fPhysRevLett.89.194101&partnerID=40&md5=c0cb3ea4a73a42d04b7244a0a94acf9c"
"Valladares D.L., Boccaletti S., Feudel F., Kurths J.","6603075642;7006291912;6701845416;35317963900;","https://www.scopus.com/inward/record.uri?eid=2-s2.0-85035273349&doi=10.1103%2fPhysRevE.65.055208&partnerID=40&md5=120ad08882632e109ef7a85953b5f368"
"Boccaletti S., Valladares D.L., M. Pecora L., P. Geffert H., Carroll T.","7006291912;6603075642;57197850097;57197849242;7102900241;","https://www.scopus.com/inward/record.uri?eid=2-s2.0-33646972877&doi=10.1103%2fPhysRevE.65.035204&partnerID=40&md5=48f789ad22cf9d89cf52ae0c867fa1dc"
"Boccaletti S., Kurths J., Osipov G., Valladares D.L., Zhou C.S.","7006291912;35317963900;7005282169;6603075642;7403347050;","https://www.scopus.com/inward/record.uri?eid=2-s2.0-0036285235&doi=10.1016%2fS0370-1573%2802%2900137-0&partnerID=40&md5=4f12d435af4b4a1e59cf50a16252af21"
"Maza D., Vallone A., Mancini H., Boccaletti S.","6602504298;6603802572;7004841917;7006291912;","https://www.scopus.com/inward/record.uri?eid=2-s2.0-18244377955&doi=10.1103%2fPhysRevLett.86.3213&partnerID=40&md5=79a27d58195e6c0729319f90066c5f6c"
"Boccaletti S., Pecora L.M., Pelaez A.","7006291912;7005178558;7003753041;","https://www.scopus.com/inward/record.uri?eid=2-s2.0-85009296858&doi=10.1103%2fPhysRevE.63.066219&partnerID=40&md5=e5790a2c187caf10966a146be56dc823"
"Boccaletti S., Pecora L.M., Pelaez A.","7006291912;7005178558;7003753041;","https://www.scopus.com/inward/record.uri?eid=2-s2.0-4043122685&doi=10.1103%2fPhysRevE.63.066219&partnerID=40&md5=6e1fa4a6356ce42d8c82215c027e00f2"
"González-Viñas W., Casado S., Burguete J., Mancini H., Boccaletti S.","35588566200;57198140394;57190440192;7004841917;7006291912;","https://www.scopus.com/inward/record.uri?eid=2-s2.0-0035516460&doi=10.1142%2fS0218127401003930&partnerID=40&md5=1e30d123fa30ea3a60373b042197d6b3"
"Ramón M.L., Boccaletti S., Meucci R., Allaria E.","7004811250;7006291912;56284385600;6603817098;","https://www.scopus.com/inward/record.uri?eid=2-s2.0-0035516420&doi=10.1142%2fS0218127401003838&partnerID=40&md5=b8705e0f530698df1dcf0012164c20fd"
"Bragard J., Boccaletti S., Arecchi F.T.","55952604900;7006291912;7005414320;","https://www.scopus.com/inward/record.uri?eid=2-s2.0-0035516391&doi=10.1142%2fS0218127401003796&partnerID=40&md5=a17f97bb4ff3aad128a4752c57fc10b5"
"Madruga S., Boccaletti S., Matías M.A.","6602353841;7006291912;7003719097;","https://www.scopus.com/inward/record.uri?eid=2-s2.0-0035513404&doi=10.1142%2fS0218127401003978&partnerID=40&md5=555d2f81b50fe24204f75ceec033785e"
"Valladares D.L., Boccaletti S., Mancini H., Grebogi C.","6603075642;7006291912;7004841917;35567145300;","https://www.scopus.com/inward/record.uri?eid=2-s2.0-0035490681&doi=10.1142%2fS0218127401003668&partnerID=40&md5=18ec93c997ccb41f05f37f43a239b997"
"Valladares D.L., Boccaletti S., Carusela M.F.","6603075642;7006291912;7801532905;","https://www.scopus.com/inward/record.uri?eid=2-s2.0-0035488688&doi=10.1142%2fS0218127401003784&partnerID=40&md5=e7f9a6233692ea4c544c66de2b161cdd"
"Casado S., González-Viñas W., Mancini H., Boccaletti S.","57198140394;35588566200;7004841917;7006291912;","https://www.scopus.com/inward/record.uri?eid=2-s2.0-0035333570&doi=10.1103%2fPhysRevE.63.057301&partnerID=40&md5=69e10b8c24c6ec2309794414bfac935e"
"Boccaletti S., Moro D.","7006291912;7006320048;","https://www.scopus.com/inward/record.uri?eid=2-s2.0-2442620118&partnerID=40&md5=88850aa87c77af1542e168bef8d54809"
"Ramazza P.L., Ducci S., Boccaletti S., Arecchi F.T.","7004651627;57204341970;7006291912;7005414320;","https://www.scopus.com/inward/record.uri?eid=2-s2.0-0033703279&doi=10.1088%2f1464-4266%2f2%2f3%2f329&partnerID=40&md5=5c16103a3b173f2933fe3c148ee0dd42"
"Boccaletti S., Nardella M.","7006291912;54418994700;","https://www.scopus.com/inward/record.uri?eid=2-s2.0-0041911300&doi=10.1016%2fS1096-7508%2801%2900049-0&partnerID=40&md5=dd565511e562aa483fe028f4eee18e45"
"Bragard J., Arecchi F.T., Boccaletti S.","55952604900;7005414320;7006291912;","https://www.scopus.com/inward/record.uri?eid=2-s2.0-0040788593&doi=10.1142%2fS0218127400001493&partnerID=40&md5=5754358b2d67b078ee8c68412f84aa8a"
"Maza D., Vallone A., Mancini H., Boccaletti S.","6602504298;6603802572;7004841917;7006291912;","https://www.scopus.com/inward/record.uri?eid=2-s2.0-0034510982&doi=10.1103%2fPhysRevLett.85.5567&partnerID=40&md5=c901768839ecc6822530709dee366585"
"Arecchi F.T., Boccaletti S., Ducci S., Pampaloni E., Ramazza P.L., Residori S.","7005414320;7006291912;57204341970;36848356400;7004651627;7004438027;","https://www.scopus.com/inward/record.uri?eid=2-s2.0-0034414141&doi=10.1142%2fS0218863500000170&partnerID=40&md5=c327b24d43a759c6c962690e8fe57f57"
"Boccaletti S., Valladares D.L.","7006291912;6603075642;","https://www.scopus.com/inward/record.uri?eid=2-s2.0-0034318442&doi=10.1103%2fPhysRevE.62.7497&partnerID=40&md5=2be685556473817c0870becf345ff261"
"Bragard J., Boccaletti S.","55952604900;7006291912;","https://www.scopus.com/inward/record.uri?eid=2-s2.0-0034316714&doi=10.1103%2fPhysRevE.62.6346&partnerID=40&md5=35159d0c9b30a65c30f9215aacd07e89"
"Ramón M.L., Meucci R., Allaria E., Boccaletti S.","7004811250;56284385600;6603817098;7006291912;","https://www.scopus.com/inward/record.uri?eid=2-s2.0-0034311002&doi=10.1007%2fs100530070029&partnerID=40&md5=6af7a3ec21d23a55a6e722f112c351cb"
"Bragard J., Ramazza P.L., Arecchi F.T., Boccaletti S., Kramer L.","55952604900;7004651627;7005414320;7006291912;7201597397;","https://www.scopus.com/inward/record.uri?eid=2-s2.0-0034205425&doi=10.1103%2fPhysRevE.61.R6045&partnerID=40&md5=65621bc7e50d60590890d1231a29d017"
"Boccaletti S., Grebogi C., Lai Y.-C., Mancini H., Maza D.","7006291912;35567145300;7401512359;7004841917;6602504298;","https://www.scopus.com/inward/record.uri?eid=2-s2.0-0034178680&doi=10.1016%2fS0370-1573%2899%2900096-4&partnerID=40&md5=fad7245d08dcf228c14e858a48c7eb92"
"Maza D., Boccaletti S., Mancini H.","6602504298;7006291912;7004841917;","https://www.scopus.com/inward/record.uri?eid=2-s2.0-0004608850&doi=10.1142%2fS0218127400000591&partnerID=40&md5=f0b686feaef7cbd9e33f8d4ba8d6351f"
"Boccaletti S., Valladares D.L., Kurths J., Maza D., Mancini H.","7006291912;6603075642;35317963900;6602504298;7004841917;","https://www.scopus.com/inward/record.uri?eid=2-s2.0-0001342890&doi=10.1103%2fPhysRevE.61.3712&partnerID=40&md5=ddacaa561ec56d9fce165f786111e271"
"Giaquinta A., Boccaletti S., Boccaletti M., Piccardi L., Arecchi F.T.","7003764317;7006291912;7004471474;6603638328;7005414320;","https://www.scopus.com/inward/record.uri?eid=2-s2.0-0033153599&doi=10.1029%2f1999GL900319&partnerID=40&md5=d2f1d23a578d1600fcb5997d21784bb9"
"Ramazza P.L., Boccaletti S., Ducci S., Arecchi F.T.","7004651627;7006291912;57204341970;7005414320;","https://www.scopus.com/inward/record.uri?eid=2-s2.0-0033416006&doi=10.1142%2fS0218863599000163&partnerID=40&md5=3c530ba0efcc30941cfaed30df91f198"
"Ramazza P.L., Boccaletti S., Giaquinta A., Pampaloni E., Soria S., Arecchi F.T.","7004651627;7006291912;7003764317;36848356400;6701539066;7005414320;","https://www.scopus.com/inward/record.uri?eid=2-s2.0-0033115573&doi=10.1016%2fS0960-0779%2898%2900017-4&partnerID=40&md5=871d3ef862a9e2a025f663c1f99b912c"
"Arecchi F.T., Boccaletti S., Ramazza P.","7005414320;7006291912;7004651627;","https://www.scopus.com/inward/record.uri?eid=2-s2.0-0001908290&doi=10.1016%2fS0370-1573%2899%2900007-1&partnerID=40&md5=f1fccdaa77b88749502f20a494a2c3db"
"Boccaletti S., Bragard J., Arecchi F.T.","7006291912;55952604900;7005414320;","https://www.scopus.com/inward/record.uri?eid=2-s2.0-0000196398&doi=10.1103%2fPhysRevE.59.6574&partnerID=40&md5=5746c496da30aacd263ddc7d44c30e35"
"Boccaletti S., Bragard J., Arecchi F.T., Mancini H.","7006291912;55952604900;7005414320;7004841917;","https://www.scopus.com/inward/record.uri?eid=2-s2.0-0000156596&doi=10.1103%2fPhysRevLett.83.536&partnerID=40&md5=d277ea69b8c7e9cfd11e2f46446e1455"
"de San Roman F.S., Boccaletti S., Maza D., Mancini H.","6506571820;7006291912;6602504298;7004841917;","https://www.scopus.com/inward/record.uri?eid=2-s2.0-0001019886&doi=10.1103%2fPhysRevLett.81.3639&partnerID=40&md5=68c121a0289c5e9921661057d2e22456"
"Narici L., Boccaletti S., Giaquinta A., Arecchi F.T.","7003727339;7006291912;7003764317;7005414320;","https://www.scopus.com/inward/record.uri?eid=2-s2.0-0032073615&doi=10.1209%2fepl%2fi1998-00237-5&partnerID=40&md5=2086b0fb0919c1b60bdeb8d4dc8f4301"
"Maza D., Mancini H., Boccaletti S., Genesio R., Arecchi F.T.","6602504298;7004841917;7006291912;7006875604;7005414320;","https://www.scopus.com/inward/record.uri?eid=2-s2.0-0040163450&doi=10.1142%2fS021812749800156X&partnerID=40&md5=8f010a94c7454784e8457d871b78d75c"
"Arecchi F.T., Boccaletti S., Ciofini M., Meucci R., Grebogi C.","7005414320;7006291912;7004148515;56284385600;35567145300;","https://www.scopus.com/inward/record.uri?eid=2-s2.0-0039493189&doi=10.1142%2fS0218127498001315&partnerID=40&md5=e7f989a66554a1528248bf8ebef97d30"
"Plaza F., Velarde M.G., Arecchi F.T., Boccaletti S., Ciofini M., Meucci R.","57212984487;7006090691;7005414320;7006291912;7004148515;56284385600;","https://www.scopus.com/inward/record.uri?eid=2-s2.0-0031562662&doi=10.1209%2fepl%2fi1997-00205-7&partnerID=40&md5=12500e77c77f3199573304a98bffeab4"
"Ramazza P.L., Boccaletti S., Arecchi F.T.","7004651627;7006291912;7005414320;","https://www.scopus.com/inward/record.uri?eid=2-s2.0-0031102958&doi=10.1016%2fS0030-4018%2896%2900708-0&partnerID=40&md5=3368266cb12cbce1d0b5225c95aadff8"
"Boccaletti S., Farini A., Kostelich E.J., Arecchi F.T.","7006291912;9839976300;6603877419;7005414320;","https://www.scopus.com/inward/record.uri?eid=2-s2.0-5844409947&doi=10.1103%2fphysreve.55.r4845&partnerID=40&md5=d1dd4b6ad44c4bdb1000abdf7dfe079e"
"Boccaletti S., Farini A., Arecchi F.T.","7006291912;9839976300;7005414320;","https://www.scopus.com/inward/record.uri?eid=2-s2.0-5844396752&doi=10.1103%2fPhysRevE.55.4979&partnerID=40&md5=9367639f5ae8213a202ab306fca6d9c0"
"Galizzi G., Venturini L., Boccaletti S.","57030219500;8228496200;7006291912;","https://www.scopus.com/inward/record.uri?eid=2-s2.0-34547276405&doi=10.1002%2f%28SICI%291520-6297%28199703%2f04%2913%3a2%3c185%3a%3aAID-AGR7%3e3.0.CO%3b2-Z&partnerID=40&md5=8a5c0f1d1920a2261fcea06e8a7df8ad"
"Boccaletti S., Maza D., Mancini H., Genesio R., Arecchi F.T.","7006291912;6602504298;7004841917;7006875604;7005414320;","https://www.scopus.com/inward/record.uri?eid=2-s2.0-0031362794&doi=10.1103%2fPhysRevLett.79.5246&partnerID=40&md5=1dc96f5a4fc88c7230d5356905467351"
"Boccaletti S., Farini A., Arecchi F.T.","7006291912;9839976300;7005414320;","https://www.scopus.com/inward/record.uri?eid=2-s2.0-0031236791&doi=10.1016%2fS0960-0779%2896%2900169-5&partnerID=40&md5=b644e441b780da2f8f27cbc6c033bfd4"
"Labate A., Ciofini M., Meucci R., Boccaletti S., Arecchi F.T.","7004100449;7004148515;56284385600;7006291912;7005414320;","https://www.scopus.com/inward/record.uri?eid=2-s2.0-0000893784&doi=10.1103%2fPhysRevA.56.2237&partnerID=40&md5=dee80eb95e8c999c5950a6c2c571b01c"
"Arecchi F.T., Boccaletti S.","7005414320;7006291912;","https://www.scopus.com/inward/record.uri?eid=2-s2.0-0000257548&doi=10.1063%2f1.166262&partnerID=40&md5=7623316e67137f462c937193e32bf7b6"
"Boccaletti S., Giaquinta A., Arecchi F.T.","7006291912;7003764317;7005414320;","https://www.scopus.com/inward/record.uri?eid=2-s2.0-0000188957&doi=10.1103%2fPhysRevE.55.5393&partnerID=40&md5=50f77f112825314e51da1c0d19fb6671"
"Arecchi F.T., Boccaletti S., Pampaloni E., Ramazza P.L., Residori S.","7005414320;7006291912;36848356400;7004651627;7004438027;","https://www.scopus.com/inward/record.uri?eid=2-s2.0-3743089618&doi=10.1088%2f0031-8949%2f1996%2ft67%2f001&partnerID=40&md5=8b8dac14131adddab506dd38bedfa005"
"Ramazza P.L., Boccaletti S., Giaquinta A., Pampaloni E., Soria S., Arecchi F.T.","7004651627;7006291912;7003764317;36848356400;6701539066;7005414320;","https://www.scopus.com/inward/record.uri?eid=2-s2.0-17544380640&doi=10.1103%2fPhysRevA.54.3472&partnerID=40&md5=f7e100182af4b1139442b466ac6d61b1"
"Boccaletti S., Arecchi F.T.","7006291912;7005414320;","https://www.scopus.com/inward/record.uri?eid=2-s2.0-0030243097&doi=10.1016%2f0167-2789%2896%2900010-3&partnerID=40&md5=54cecc6bea2928753a7261d57c13f0f7"
"Giaquinta A., Boccaletti S., Arecchi F.T.","7003764317;7006291912;7005414320;","https://www.scopus.com/inward/record.uri?eid=2-s2.0-0030237804&doi=10.1142%2fS0218127496001089&partnerID=40&md5=15216d02373e479c8582df6356e527be"
"Residori S., Ramazza P.L., Pampaloni E., Boccaletti S., Arecchi F.T.","7004438027;7004651627;36848356400;7006291912;7005414320;","https://www.scopus.com/inward/record.uri?eid=2-s2.0-0030084442&doi=10.1103%2fPhysRevLett.76.1063&partnerID=40&md5=a8f8c2553615a896fbda7b30ad392a81"
"Farini A., Boccaletti S., Arecchi F.T.","9839976300;7006291912;7005414320;","https://www.scopus.com/inward/record.uri?eid=2-s2.0-0004705950&doi=10.1103%2fPhysRevE.53.4447&partnerID=40&md5=30ca4fae9c736b2e42852446d5e10664"
"Boccaletti S., Arecchi F.T.","7006291912;7005414320;","https://www.scopus.com/inward/record.uri?eid=2-s2.0-78651316421&doi=10.1209%2f0295-5075%2f31%2f3%2f001&partnerID=40&md5=d3ad906c25326705f9712a9fcd35fc14"
"Arecchi F.T., Basti G., Boccaletti S., Perrone A.L.","7005414320;6603916978;7006291912;23016530400;","https://www.scopus.com/inward/record.uri?eid=2-s2.0-84957319657&doi=10.1209%2f0295-5075%2f26%2f5%2f002&partnerID=40&md5=fa105a41b9bd80616bf6781da860b0a8"
"Arecchi F.T., Boccaletti S., Puccioni G.P., Ramazza P.L., Residori S.","7005414320;7006291912;6602105424;7004651627;7004438027;","https://www.scopus.com/inward/record.uri?eid=2-s2.0-0346664916&doi=10.1063%2f1.166027&partnerID=40&md5=1f96968117809ce3706c418f00ca6fad"
"Giaquinta A., Boccaletti S., Tellini L., Arecchi F.T.","7003764317;7006291912;57199514018;7005414320;","https://www.scopus.com/inward/record.uri?eid=2-s2.0-0000593864&doi=10.1063%2f1.166033&partnerID=40&md5=dd3f10a22356380a7be4293ba15fa411"
"Arecchi F.T., Boccaletti S., Ramazza P.L., Residori S.","7005414320;7006291912;7004651627;7004438027;","https://www.scopus.com/inward/record.uri?eid=2-s2.0-0001046619&doi=10.1103%2fPhysRevLett.70.2277&partnerID=40&md5=2e61cee7938851d8421f7e2953027562"
"Arecchi F.T., Boccaletti S., Giacomelli G., Puccioni G.P., Ramazza P.L., Residori S.","7005414320;7006291912;7101774019;6602105424;7004651627;7004438027;","https://www.scopus.com/inward/record.uri?eid=2-s2.0-0041520112&doi=10.1016%2f0167-2789%2892%2990145-D&partnerID=40&md5=f7139143989ffc30b4297aeb6b76f7aa"
"Arecchi F.T., Boccaletti S., Mindlin G.B., Perez Garcia C.","7005414320;7006291912;7003648271;7006210317;","https://www.scopus.com/inward/record.uri?eid=2-s2.0-4243180108&doi=10.1103%2fPhysRevLett.69.3723&partnerID=40&md5=79feba52a2dcfaa8b0cee40f23f54b26"
